מזהה ייחודי (Book ID),שנת קריאה (Year Read),כותרת כפי שנמסרה (Input Title),שם הספר המלא (Canonical Title),שם הספר באנגלית/מקור (English/Original Title),שם הסופר בעברית (Author Hebrew),שם הסופר במקור (Author Original),מתרגם (Translator),הוצאה לאור (Publisher),שנת פרסום מקורית (Original Pub Year),שנת מהדורה עברית (Hebrew Edition Year),מספר עמודים (Pages),סוג ספר (Type),ז'אנרים וסוגות (Genres),תמות ונושאים מרכזיים (Themes),האם חלק מסדרה? (Is Series),שם הסדרה (Series Name),מספר כרך בסדרה (Volume Number),טווח כרכים (Volume Range),האם מאגד/אומניבוס? (Is Omnibus),פירוט כרכים מאוגדים (Sub-Books Summary),שפת מקור (Original Language),פורמט / מהדורה (Format),מזהה סימניה (Simania Item ID),"מסת""ב (ISBN)",קישור תמונת כריכה (Cover URL),סטטוס אימות (Status),הערות ופרטים נוספים (Notes)
hpmor-vol-4,2022,הארי פוטר והשיטה הרציונלית 4-6,הארי פוטר והשיטה הרציונלית - כרך 4,"Harry Potter and the Methods of Rationality, Vol. 4",אליעזר יודקובסקי,Eliezer Yudkowsky,קהילת הרציונליות הישראלית,קהילת הרציונליות הישראלית (הוצאה עצמית / רשת),2015,2017,,פרוזה,"מדע בדיוני, פנטזיה, פאנפיקשן","רציונליות, שיטה מדעית, תורת המשחקים, אתיקה, בינה מלאכותית",כן,הארי פוטר והשיטה הרציונלית,4,,לא,,אנגלית,קריאה ברשת / מהדורת קהילה,987530,,https://cdn.simania.co.il/bookimages/covers98/987530.jpg,Verified,כרך רביעי בסדרה. מהדורת רשת מתורגמת של קהילת הרציונליות. אין ספירת עמודים מודפסת רשמית.
hpmor-vol-5,2022,הארי פוטר והשיטה הרציונלית 4-6,הארי פוטר והשיטה הרציונלית - כרך 5,"Harry Potter and the Methods of Rationality, Vol. 5",אליעזר יודקובסקי,Eliezer Yudkowsky,קהילת הרציונליות הישראלית,קהילת הרציונליות הישראלית (הוצאה עצמית / רשת),2015,2017,,פרוזה,"מדע בדיוני, פנטזיה, פאנפיקשן","רציונליות, שיטה מדעית, תורת המשחקים, אתיקה, בינה מלאכותית",כן,הארי פוטר והשיטה הרציונלית,5,,לא,,אנגלית,קריאה ברשת / מהדורת קהילה,987530,,https://cdn.simania.co.il/bookimages/covers98/987530.jpg,Verified,כרך חמישי בסדרה. מהדורת רשת מתורגמת של קהילת הרציונליות. אין ספירת עמודים מודפסת רשמית.
hpmor-vol-6,2022,הארי פוטר והשיטה הרציונלית 4-6,הארי פוטר והשיטה הרציונלית - כרך 6,"Harry Potter and the Methods of Rationality, Vol. 6",אליעזר יודקובסקי,Eliezer Yudkowsky,קהילת הרציונליות הישראלית,קהילת הרציונליות הישראלית (הוצאה עצמית / רשת),2015,2017,,פרוזה,"מדע בדיוני, פנטזיה, פאנפיקשן","רציונליות, שיטה מדעית, תורת המשחקים, אתיקה, בינה מלאכותית",כן,הארי פוטר והשיטה הרציונלית,6,,לא,,אנגלית,קריאה ברשת / מהדורת קהילה,987530,,https://cdn.simania.co.il/bookimages/covers98/987530.jpg,Verified,כרך שישי ואחרון בסדרה. מהדורת רשת מתורגמת של קהילת הרציונליות. אין ספירת עמודים מודפסת רשמית.
clifton-1,2022,ימים יגידו,ימים יגידו,Only Time Will Tell,ג'פרי ארצ'ר,Jeffrey Archer,מורן פרידמן,מודן,2011,2012,380,פרוזה,"פרוזה מתורגמת, סאגה משפחתית, דרמה היסטורית","מעמדות חברתיים, בריטניה של המאה ה-20, התבגרות וסודות משפחתיים",כן,דברי ימי קליפטון,1,,לא,,אנגלית,ספר מודפס,962234,9789657519172,https://cdn.simania.co.il/bookimages/covers96/962234.jpg,Verified,הספר הראשון בסדרת 'דברי ימי קליפטון'.
geffen-patriot,2022,מיומנו של פטריוט,מיומנו של פטריוט,Diary of a Patriot,יהונתן גפן,Yehonatan Geffen,,דביר,2019,2019,224,עיון,"אוטוביוגרפיה, פובליציסטיקה, חברה ישראלית","ישראליות, פוליטיקה וביקורת חברתית, תרבות, זיכרונות אישיים",לא,,,,לא,,עברית,ספר מודפס,993262,9789655668988,https://cdn.simania.co.il/bookimages/covers99/993262.jpg,Verified,מבחר טורים ורשימות יומן אישיות.
tyson-astrophysics,2022,אסטרופיזיקה למי שאין לו זמן,אסטרופיזיקה למי שאין לו זמן,Astrophysics for People in a Hurry,ניל דה-גראס טייסון,Neil deGrasse Tyson,עמנואל לוטם,תכלת,2017,2018,168,עיון,"מדע פופולרי, אסטרונומיה, פיזיקה","קוסמולוגיה, המפץ הגדול, מכניקת הקוונטים, מבנה היקום",לא,,,,לא,,אנגלית,ספר מודפס,989539,9789655666793,https://cdn.simania.co.il/bookimages/covers98/989539.jpg,Verified,168 עמודים.
under-the-knife,2022,על הסכין,על הסכין: תולדות הכירורגיה ב-28 ניתוחים יוצאי דופן,Under the Knife: A History of Surgery in 28 Remarkable Operations,ארנולד ואן דה לאר,Arnold van de Laar,יוסי מילוא,ידיעות ספרים,2014,2019,376,עיון,"היסטוריה של הרפואה, מדע פופולרי, ביוגרפיות היסטוריות","כירורגיה, התפתחות הרפואה, דמויות היסטוריות, אנטומיה",לא,,,,לא,,הולנדית,ספר מודפס,1004165,9789655648836,https://cdn.simania.co.il/bookimages/covers100/1004165.jpg,Verified,376 עמודים.
professor-and-madman,2022,הפרופסור והמשוגע,"הפרופסור והמשוגע: סיפור על רצח, שיגעון ויצירת מילון אוקספורד","The Professor and the Madman: A Tale of Murder, Insanity, and the Making of the Oxford English Dictionary",סיימון וינצ'סטר,Simon Winchester,מאיר ויזלטיר,"כנרת, זמורה-ביתן",1998,2000,216,עיון,"היסטוריה, בלשנות, ביוגרפיה","מילון אוקספורד, שפה ומילים, שיגעון וגאונות, התקופה הוויקטוריאנית",לא,,,,לא,,אנגלית,ספר מודפס,29117,9789655170061,https://cdn.simania.co.il/bookimages/covers33/338239.jpg,Verified,216 עמודים.
never-let-me-go,2022,לעולם אל תיתן לי ללכת,לעולם אל תיתן לי ללכת,Never Let Me Go,קאזואו אישיגורו,Kazuo Ishiguro,אהרון האופטמן,הקיבוץ המאוחד,2005,2006,295,פרוזה,"דיסטופיה, מדע בדיוני רך, פרוזה מתורגמת","שיבוט ואתיקה ביו-רפואית, זיכרון ונוסטלגיה, אנושיות וגורל",לא,,,,לא,,אנגלית,ספר מודפס,994819,9789650203023,https://cdn.simania.co.il/bookimages/covers99/994819.jpg,Verified,295 עמודים.
knight-21,2022,אביר 21,אביר 21: סיפור קרב החווה הסינית של גדוד 890,Knight 21: The Battle of the Chinese Farm,משה גבעתי,Moshe Givati,,רעות,2003,2003,207,עיון,"היסטוריה צבאית, תיעוד ומורשת קרב, צה""ל","מלחמת יום הכיפורים, החווה הסינית, חטיבת הצנחנים וגדוד 890, גבורה והקרבה",לא,,,,לא,,עברית,ספר מודפס,41469,9789659051403,https://cdn.simania.co.il/bookimages/covers4/41469.jpg,Verified,207 עמודים.
warren-buffett-way,2022,דרכו של וורן באפט,דרכו של וורן באפט: המשקיע הגדול ביותר בעולם (מהדורה מורחבת ומעודכנת),The Warren Buffett Way (2nd Edition),רוברט ג' הגסטרום,Robert G. Hagstrom,ברוך קורות,מטר,1994,2006,296,עיון,"השקעות ושוק ההון, כלכלה ועסקים, ביוגרפיה","השקעות ערך, וורן באפט, ברקשייר האת'וויי, פסיכולוגיה של השקעות",לא,,,,לא,,אנגלית,ספר מודפס,44692,9789650512804,https://cdn.simania.co.il/bookimages/covers4/44692.jpg,Verified,המהדורה השנייה המורחבת והמעודכנת. 296 עמודים.
guide-for-days-ahead,2022,המדריך לימים הקרובים,המדריך לימים הקרובים,The Guide for the Days Ahead,יואב בלום,Yoav Blum,,כתר,2014,2014,340,פרוזה,"מדע בדיוני, פנטזיה אורבנית, פרוזה מקורית","ספרי נבואה, גורל ובחירה חופשית, מסתורין, תל אביב",לא,,,,לא,,עברית,ספר מודפס,272663,9789650722358,https://cdn.simania.co.il/bookimages/covers27/272663.jpg,Verified,340 עמודים.
101-year-old-man,2022,הזקן בן המאה ואחת שחשב שהוא חושב יותר מדי,הזקן בן המאה ואחת שחשב שהוא חושב יותר מדי,The Accidental Further Adventures of the Hundred-Year-Old Man,יונס יונסון,Jonas Jonasson,רות שפירא,כתר,2018,2019,416,פרוזה,"הומור וסאטירה, פרוזה מתורגמת, הרפתקאות","פוליטיקה עולמית, אלן קרלסון, הזדקנות פרועה, אספרגוס וטאבלטים",כן,אלן קרלסון,2,,לא,,שוודית,ספר מודפס,993743,9789650728350,https://cdn.simania.co.il/bookimages/covers99/993743.jpg,Verified,ספר המשך לרב-המכר 'הזקן בן המאה שיצא מהחלון ונעלם'. 416 עמודים.
zero-zero-zero,2022,אפס אפס אפס,אפס אפס אפס: כיצד מניע הקוקאין את העולם,ZeroZeroZero,רוברטו סביאנו,Roberto Saviano,יונתן פיין,"כנרת, זמורה-ביתן",2013,2013,378,עיון,"עיון ותחקיר, פשע מאורגן, כלכלה גלובלית","סחר בסמים, קרטלים בינלאומיים, הלבנת הון, גלובליזציה ושחיתות",לא,,,,לא,,איטלקית,ספר מודפס,973474,9789655527186,https://cdn.simania.co.il/bookimages/covers97/973474.jpg,Verified,378 עמודים.
dorian-gray-2006,2022,תמונתו של דוריאן גריי,תמונתו של דוריאן גריי,The Picture of Dorian Gray,אוסקר ויילד,Oscar Wilde,ליה נירגד,פן / ידיעות ספרים,1890,2006,258,פרוזה,"קלאסיקה, רומן גותי, פרוזה מתורגמת","אסתטיקה ודקדנס, מוסר וחטא, נעורי נצח, הכפיל והנפש",לא,,,,לא,,אנגלית,ספר מודפס,1630,9789655113945,https://cdn.simania.co.il/bookimages/covers0/1630.jpg,Verified,"תרגום ליה נירגד, מהדורת 2006 בהוצאת פן/ידיעות ספרים (258 עמ'). נכתב במקור ב-1890."
arrows-and-candies,2022,על חצים ובונבונים,על חיצים ובונבונים,Arrows and Bonbons,מנחם לס,Menachem Less,,גלורי,2006,2006,448,עיון,"ספורט, תרבות פופולרית, כדורסל (NBA)","ליגת ה-NBA, ספורט אמריקאי, כוכבי כדורסל וטקטיקה, העולם של הופס",לא,,,,לא,,עברית,ספר מודפס,212002,9789659089901,https://cdn.simania.co.il/bookimages/covers21/212002.jpg,Verified,"448 עמודים. ספרו של ד""ר מנחם לס על ליגת ה-NBA."
gulliver-ben-yehuda,2022,מסעות גוליבר,מסעי גוליבר,Gulliver's Travels,ג'ונתן סוויפט,Jonathan Swift,"מנחם מבש""ן (מנחם מנדל בראונשטיין)","פרויקט בן-יהודה (תרגום מקורי: תרפ""ב / 1922)",1726,1922,,פרוזה,"קלאסיקה, סאטירה פוליטית, פנטזיה ומסעות","טבע האדם, ביקורת החברה והמדינה, ליליפוט וברובדינגנאג, ההוינהנמים",לא,,,,לא,,אנגלית,דיגיטלי (פרויקט בן-יהודה),,,,Verified,"קריאה דיגיטלית באתר פרויקט בן-יהודה בתרגומו הקלאסי של מנחם מבש""ן (1922). נכתב במקור ב-1726. אין ספירת עמודים מודפסת."
the-woman-with-him,2022,האישה שאיתו,"האישה שאיתו: חייהן הפרטיים והציבוריים של נשות נשיאי ארה""ב",First Ladies: The Private and Public Lives of the US Presidents' Wives,אילן בן עמי,Ilan Ben-Ami,,מטר,2010,2010,328,עיון,"היסטוריה פוליטית, ביוגרפיה, ממשל ופוליטיקה אמריקאית","הגברות הראשונות של ארה""ב, הבית הלבן, השפעה מאחורי הקלעים, מגדר ומנהיגות",לא,,,,לא,,עברית,ספר מודפס,930856,9789650515607,https://cdn.simania.co.il/bookimages/covers93/930856.jpg,Verified,328 עמודים.
sandman-vol-1,2023,סנדמן,סנדמן 1: אקדמות ונעימות,"The Sandman, Vol. 1: Preludes & Nocturnes",ניל גיימן,Neil Gaiman,דידי חנוך,כנרת,1989,2013,240,פרוזה / רומן גרפי,"רומן גרפי, פנטזיה אפלה, קומיקס למבוגרים","מורפיאוס / חלום, הנצחיים (Endless), מיתולוגיה מודרנית, מאגיה ושדים",כן,סנדמן,1,,לא,,אנגלית,רומן גרפי,967920,9789655524673,https://cdn.simania.co.il/bookimages/covers96/967920.jpg,Verified,כרך ראשון בלבד מתוך הסדרה (המשתמש קרא רק את הכרך הראשון). 240 עמודים. פורסם במקור כחוברות ב-1989.
herod-king,2023,הורדוס,הורדוס: מלך רודף ורדוף,King Herod: A Persecuted Persecutor,אריה כשר ואליעזר ויצטום,Aryeh Kasher & Eliezer Witztum,,כתר / אוניברסיטת חיפה,2007,2007,610,עיון,"היסטוריה יהודית, פסיכו-היסטוריה, ביוגרפיה","תקופת בית שני, המלך הורדוס, פרנויה ורודנות, בנייה מונומנטלית",לא,,,,לא,,עברית,ספר מודפס,217986,9789650715695,https://cdn.simania.co.il/bookimages/covers21/217986.jpg,Verified,מחקר פסיכו-היסטורי מעמיק על אישיותו הסוערת של הורדוס. 610 עמודים.
art-of-war-astrolog,2023,אומנות המלחמה,אמנות המלחמה,The Art of War,סון טסו (סון דזה),Sun Tzu,מירב ברוך,אסטרולוג,-500,2000,240,עיון / קלאסיקה,"קלאסיקה עתיקה, פילוסופיה צבאית, אסטרטגיה וניהול","תורת הלחימה, הונאה ומודיעין, מנהיגות ומשמעת, פתרון סכסוכים ללא קרב",לא,,,,לא,,סינית,ספר מודפס,15715,9789654141697,https://cdn.simania.co.il/bookimages/covers1/15715.jpg,Verified,"מהדורת הוצאת אסטרולוג (תרגום מירב ברוך, 240 עמ'). נכתב במקור במאה ה-5 לפנה""ס בסין העתיקה."
hebrew-publishing-company,2023,הבירו פבלישימג קומפני,היברו פבלישינג קומפני,Hebrew Publishing Company,מתן חרמוני,Matan Hermoni,,"כנרת, זמורה-ביתן",2011,2011,270,פרוזה,"פרוזה מקורית, רומן היסטורי, ספרות יידיש בניו יורק","הגירה יהודית לניו יורק, הלואר איסט סייד, ספרות ועיתונות יידיש, בוהמה ונוכלות",לא,,,,לא,,עברית,ספר מודפס,935752,9789655520866,https://cdn.simania.co.il/bookimages/covers93/935752.jpg,Verified,זוכה פרס ברנשטיין לספרות 2011. 270 עמודים.
ha-elyonim,2023,העליונים,העליונים: בתוככי בית המשפט העליון,The Supremes: Inside the Israeli Supreme Court,נעמי לויצקי,Naomi Levitsky,,הקיבוץ המאוחד,2006,2006,416,עיון,"משפט וחברה, תחקיר עיתונאי, פוליטיקה ישראלית","בית המשפט העליון, אהרן ברק, המהפכה החוקתית, מאבקי כוח מאחורי הקלעים",לא,,,,לא,,עברית,ספר מודפס,205892,9789650203528,https://cdn.simania.co.il/bookimages/covers20/205892.jpg,Verified,416 עמודים.
ballad-songbirds-snakes,2023,בלדה לנחשים וציפורי שיר,בלדה לנחשים וציפורי שיר,The Ballad of Songbirds and Snakes,סוזן קולינס,Suzanne Collins,יעל אכמון,כנרת זמורה ביתן דביר,2020,2020,472,פרוזה,"מדע בדיוני לנוער, דיסטופיה, מתח","קורילואנוס סנואו, עלייתו של עריץ, פאנם ומשחקי הרעב ה-10, מוסר וכוח",כן,משחקי הרעב,0,,לא,,אנגלית,ספר מודפס,998308,9789655740929,https://cdn.simania.co.il/bookimages/covers99/998308.jpg,Verified,פריקוול (ספר מקדים) לטרילוגיית משחקי הרעב. 472 עמודים.
flamel-1-alchemyst,2023,ניקולאס פלמל 1-6,הסודות של ניקולס פלמל בן האלמוות #1: האלכימאי,The Secrets of the Immortal Nicholas Flamel: The Alchemyst,מייקל סקוט,Michael Scott,דוד חנוך,כתר,2007,2009,355,פרוזה,"פנטזיה אורבנית לנוער, הרפתקאות, מיתולוגיה","אלכימיה ואלמוות, ספר אברהם, דמויות היסטוריות ומאגיה, תאומים ונבואה",כן,הסודות של ניקולס פלמל בן האלמוות,1,,לא,,אנגלית,ספר מודפס,689889,9789650717316,https://cdn.simania.co.il/bookimages/covers68/689889.jpg,Verified,ספר 1 בסדרה. 355 עמודים.
flamel-2-magician,2023,ניקולאס פלמל 1-6,הסודות של ניקולס פלמל בן האלמוות #2: הקוסם,The Secrets of the Immortal Nicholas Flamel: The Magician,מייקל סקוט,Michael Scott,דוד חנוך,כתר,2008,2010,425,פרוזה,"פנטזיה אורבנית לנוער, הרפתקאות, מיתולוגיה","פריז, ד""ר ג'ון די, מאקיאוולי, קרבות מאגיים",כן,הסודות של ניקולס פלמל בן האלמוות,2,,לא,,אנגלית,ספר מודפס,935572,9789650718368,https://cdn.simania.co.il/bookimages/covers93/935572.jpg,Verified,ספר 2 בסדרה. 425 עמודים.
flamel-3-sorceress,2023,ניקולאס פלמל 1-6,הסודות של ניקולס פלמל בן האלמוות #3: אשת הכשפים,The Secrets of the Immortal Nicholas Flamel: The Sorceress,מייקל סקוט,Michael Scott,דוד חנוך,כתר,2009,2011,440,פרוזה,"פנטזיה אורבנית לנוער, הרפתקאות, מיתולוגיה","פרנל פלמל, לונדון, גלגמש, מפלצות קדמוניות",כן,הסודות של ניקולס פלמל בן האלמוות,3,,לא,,אנגלית,ספר מודפס,938731,9789650719273,https://cdn.simania.co.il/bookimages/covers93/938731.jpg,Verified,ספר 3 בסדרה. 440 עמודים.
flamel-4-necromancer,2023,ניקולאס פלמל 1-6,הסודות של ניקולס פלמל בן האלמוות #4: הידעוני,The Secrets of the Immortal Nicholas Flamel: The Necromancer,מייקל סקוט,Michael Scott,עמנואל לוטם,כתר,2010,2011,345,פרוזה,"פנטזיה אורבנית לנוער, הרפתקאות, מיתולוגיה","סן פרנסיסקו, בילי הנער, אלקטרז, קסם שחור ותחיית המתים",כן,הסודות של ניקולס פלמל בן האלמוות,4,,לא,,אנגלית,ספר מודפס,956868,9789650719914,https://cdn.simania.co.il/bookimages/covers95/956868.jpg,Verified,ספר 4 בסדרה. 345 עמודים.
flamel-5-warlock,2023,ניקולאס פלמל 1-6,הסודות של ניקולס פלמל בן האלמוות #5: הבוגד,The Secrets of the Immortal Nicholas Flamel: The Warlock,מייקל סקוט,Michael Scott,עמנואל לוטם,כתר,2011,2012,332,פרוזה,"פנטזיה אורבנית לנוער, הרפתקאות, מיתולוגיה","בגידה ונאמנות, חרבות העוצמה, שחרור מפלצות, סוף העולם",כן,הסודות של ניקולס פלמל בן האלמוות,5,,לא,,אנגלית,ספר מודפס,964013,9789650720644,https://cdn.simania.co.il/bookimages/covers96/964013.jpg,Verified,ספר 5 בסדרה. 332 עמודים.
flamel-6-enchantress,2023,ניקולאס פלמל 1-6,הסודות של ניקולס פלמל בן האלמוות #6: האשפית,The Secrets of the Immortal Nicholas Flamel: The Enchantress,מייקל סקוט,Michael Scott,עמנואל לוטם,כתר,2012,2013,464,פרוזה,"פנטזיה אורבנית לנוער, הרפתקאות, מיתולוגיה","דנו טאליס (אטלנטיס), מסע בזמן, קרב סיום האפוס, הקרבה ואלמוות",כן,הסודות של ניקולס פלמל בן האלמוות,6,,לא,,אנגלית,ספר מודפס,967126,9789650721467,https://cdn.simania.co.il/bookimages/covers96/967126.jpg,Verified,ספר 6 והאחרון בסדרה. 464 עמודים.
david-copperfield-2021,2023,דיוויד קופרפילד,דייוויד קופרפילד (תרגום מלא בשני כרכים),David Copperfield,צ'ארלס דיקנס,Charles Dickens,לי עברון,אוקיינוס ומודן (סדרת הרפתקה),1850,2021,1039,פרוזה,"קלאסיקה, רומן חניכה (בילדונגסרומאן), פרוזה ויקטוריאנית","ילדות ויתמות, אנגליה הוויקטוריאנית, מעמדות חברתיים, אהבה, מוסר ויצירה",לא,סדרת הרפתקה: ספרי מופת לנוער,,1-2,כן,"דייוויד קופרפילד - חלק ראשון (#1, 520 עמ') | דייוויד קופרפילד - חלק שני (#2, 519 עמ')",אנגלית,ספר מודפס (מהדורה מלאה ב-2 כרכים),998708,9789655179262,https://cdn.simania.co.il/bookimages/covers99/998708.jpg,Verified,"תרגום מלא ומוער בשני כרכים מאת לי עברון בסדרת 'הרפתקה' (אוקיינוס ומודן, 2021). 1,039 עמודים. נכתב במקור ב-1850."
beaufort-leshem,2023,אם יש גן עדן,אם יש גן עדן,Beaufort,רון לשם,Ron Leshem,,זמורה-ביתן,2005,2005,319,פרוזה,"פרוזה מקורית, רומן מלחמה, דרמה צבאית","מוצב הבופור, מלחמת לבנון הראשונה והשהייה ברצועת הביטחון, חיילים, פחד ואחוות לוחמים",לא,,,,לא,,עברית,ספר מודפס,45456,9789655170368,https://cdn.simania.co.il/bookimages/covers4/45456.jpg,Verified,זוכה פרס ספיר לספרות 2006. עובד לסרט הקולנוע 'בופור'. 319 עמודים.
chong-levi,2023,החמישית של צ׳ונג לוי,החמישית של צ'ונג לוי,Chong Levi's Fifth,יואב אבני,Yoav Avni,,זמורה-ביתן,2009,2009,399,פרוזה,"פרוזה מקורית, ריאליזם מאגי, פנטזיה ישראלית","זהות ישראלית-סינית, תל אביב, סודות, משפחה ומוזיקה",לא,,,,לא,,עברית,ספר מודפס,636773,9789655174090,https://cdn.simania.co.il/bookimages/covers64/648257.jpg,Verified,זוכה פרס גפן לספר מקור 2010. 399 עמודים.
stardust-gaiman,2023,אבק כוכבים,אבק כוכבים,Stardust,ניל גיימן,Neil Gaiman,ענבל שגיב,אופוס,1999,2000,206,פרוזה,"פנטזיה, מעשייה פנטסטית, הרפתקאות","כוכב נופל כאישה, ממלכת הפיות וורם, מכשפות ומלכי שטורמהולד, אהבת אמת",לא,,,,לא,,אנגלית,ספר מודפס,33129,9789657000106,https://cdn.simania.co.il/bookimages/covers3/33129.jpg,Verified,206 עמודים.
all-quiet-western-front,2023,במערב אין כל חדש,במערב אין כל חדש,All Quiet on the Western Front (Im Westen nichts Neues),אריך מריה רמרק,Erich Maria Remarque,גדי גולדברג,מחברות לספרות / כנרת זמורה דביר,1929,2014,204,פרוזה,"קלאסיקה, רומן מלחמה אנטי-מלחמתי, פרוזה מתורגמת","מלחמת העולם הראשונה, חפירות ושוחות, הדור האבוד, טראומה ואובדן תמימות",לא,,,,לא,,גרמנית,ספר מודפס,972703,9789655527018,https://cdn.simania.co.il/bookimages/covers97/972703.jpg,Verified,"תרגום חדש ומוער מגרמנית מאת גדי גולדברג (מחברות לספרות, 2014, 204 עמ'). נכתב במקור ב-1929."
road-to-ein-harod,2023,הדרך לעין חרוד,הדרך לעין חרוד,The Road to Ein Harod,עמוס קינן,Amos Kenan,,עם עובד (ספריה לעם),1984,1984,120,פרוזה,"פרוזה מקורית, דיסטופיה פוליטית, רומן מתח אפוקליפטי","הפיכה צבאית בישראל, הישרדות ובריחה, סולידריות יהודית-ערבית, עין חרוד כמקלט אחרון",לא,,,,לא,,עברית,ספר מודפס,4837,9789651302213,https://cdn.simania.co.il/bookimages/covers0/4837.jpg,Verified,המהדורה המקורית של 1984 בספרייה לעם של עם עובד (120 עמ').
the-corrections,2023,התיקונים,התיקונים,The Corrections,ג'ונתן פראנזן,Jonathan Franzen,עפרה אביגד,עם עובד,2001,2003,665,פרוזה,"פרוזה מתורגמת, דרמה משפחתית, סאטירה חברתית","משפחה אמריקאית במשבר, התבגרות והזדקנות (פרקינסון), צרכנות ותרבות סוף המילניום",לא,,,,לא,,אנגלית,ספר מודפס,42467,9789651315800,https://cdn.simania.co.il/bookimages/covers4/42467.jpg,Verified,"זוכה פרס הספר הלאומי של ארה""ב (National Book Award). 665 עמודים."
little-history-economics,2024,ההיסטוריה של הכלכלה לצעירים מכל הגילאים,היסטוריה של הכלכלה לצעירים מכל הגילים,A Little History of Economics,ניאל קישטייני,Niall Kishtainy,אביעד שטיר,ידיעות ספרים / ספרי עליית הגג,2017,2020,320,עיון,"כלכלה, היסטוריה של הרעיונות, מדע פופולרי","תולדות המחשבה הכלכלית, אדם סמית, קרל מרקס, קיינס, משברים ושווקים",לא,,,,לא,,אנגלית,ספר מודפס,1002449,9789655649987,https://cdn.simania.co.il/bookimages/covers100/1002449.jpg,Verified,320 עמודים בסדרת 'היסטוריה קטנה'.
the-netanyahus,2024,הנתניהוז,הנתניהוז: אפיזודה שולית ובסופו של דבר אפילו חסרת חשיבות בהיסטוריה של משפחה מהוללת מאוד,The Netanyahus,ג'ושוע כהן,Joshua Cohen,ארז שוייצר,הבה לאור,2021,2021,229,פרוזה,"פרוזה מתורגמת, סאטירה אקדמית, רומן היסטורי","בנציון נתניהו, זהות יהודית אמריקאית, ציונות רוויזיוניסטית, אקדמיה ואירוח כושל",לא,,,,לא,,אנגלית,ספר מודפס,1002443,9789659283734,https://cdn.simania.co.il/bookimages/covers100/1002443.jpg,Verified,זוכה פרס פוליצר לספרות 2022. 229 עמודים.
liars-poker,2024,פוקר שקרנים,פוקר שקרנים,Liar's Poker,מייקל לואיס,Michael Lewis,עפרה אביגד,בבל,1989,2006,282,עיון,"כלכלה ושוק ההון, אוטוביוגרפיה ועסקים, תחקיר","וול סטריט בשנות ה-80, סולומון ברדרס, אג""ח מגובות משכנתא, חמדנות ותרבות מסחר",לא,,,,לא,,אנגלית,ספר מודפס,145161,9789655121087,https://cdn.simania.co.il/bookimages/covers14/145161.jpg,Verified,282 עמודים.
economic-fables,2024,אגדות הכלכלה,אגדות הכלכלה,Economic Fables,אריאל רובינשטיין,Ariel Rubinstein,,"כנרת, זמורה-ביתן",2009,2009,207,עיון,"כלכלה תיאורטית, פילוסופיה של הכלכלה, ביקורת אקדמית","תורת המשחקים, מודלים כלכליים כמשלים, רציונליות וספקנות, גבולות מדע הכלכלה",לא,,,,לא,,עברית,ספר מודפס,591444,9789655173772,https://cdn.simania.co.il/bookimages/covers59/591444.jpg,Verified,207 עמודים. חיבור ביקורתי ונוקב על מקצוע הכלכלה.
godel-theorems,2024,משפטי גדל ובעית היסודות של המתמטיקה,משפטי גדל ובעיית היסודות של המתמטיקה,Gödel's Incompleteness Theorems and the Foundations of Mathematics,ארנון אברון,Arnon Avron,,משרד הביטחון (האוניברסיטה המשודרת) / ליאור שרף,1998,1998,167,עיון,"מתמטיקה, לוגיקה מתמטית, פילוסופיה של המדע","משפטי אי-השלמות של גדל, פרדוקסים, אקסיומות והוכחות, יסודות המתמטיקה",לא,האוניברסיטה המשודרת,,,לא,,עברית,ספר מודפס,16951,9789650509019,https://cdn.simania.co.il/bookimages/covers1/16951.jpg,Verified,167 עמודים.
wine-for-dummies,2024,יינות לאובדי עצות,יינות לאובדי עצות,Wine For Dummies,אד מקארתי ומרי אווינג-מוליגן,Ed McCarthy & Mary Ewing-Mulligan,יונתן פרידמן (עריכה מקצועית: דניאל רוגוב),מטר,1996,2010,512,עיון / מדריך,"מדריכים ופנאי, קולינריה ותרבות היין, מדעי הגפן","זני ענבים, אזורי יין בעולם וישראל, טעימה והגשה, התאמת יין לאוכל",לא,סדרת לאובדי עצות (For Dummies),,,לא,,אנגלית,ספר מודפס,695881,9789650515645,https://cdn.simania.co.il/bookimages/covers69/695881.jpg,Verified,מהדורה עברית מורחבת בעריכת מבקר היין דניאל רוגוב. 512 עמודים.
welcome-to-your-life,2024,ברוכה הבאה לחיים שלך,ברוכה הבאה לחיים שלך,Welcome to Your Life,נטע חוטר,Neta Hoter,,תכלת,2020,2020,288,פרוזה,"פרוזה מקורית, רומן עכשווי, הומור ושנינות ישראלית","רווקות בתל אביב, משברי שנות השלושים, קריירה, זוגיות ויחסים, הווי ישראלי",לא,,,,לא,,עברית,ספר מודפס,999355,9789655668384,https://cdn.simania.co.il/bookimages/covers99/999355.jpg,Verified,288 עמודים.
habaita-inbari,2024,הביתה,הביתה,Home,אסף ענברי,Assaf Inbari,,ידיעות ספרים,2009,2009,276,פרוזה,"פרוזה מקורית, רומן תיעודי, היסטוריה ישראלית","קיבוץ אפיקים, התנועה הקיבוצית, חלוציות ושברונה, סוציאליזם ומשפחה",לא,,,,לא,,עברית,ספר מודפס,648222,9789654828116,https://cdn.simania.co.il/bookimages/covers64/648222.jpg,Verified,מועמד לפרס ספיר 2010. 276 עמודים.
enders-game,2024,המשחק של אנדר,המשחק של אנדר,Ender's Game,אורסון סקוט קארד,Orson Scott Card,בועז וייס,אופוס,1985,2000,308,פרוזה,"מדע בדיוני, מדע בדיוני צבאי, קלאסיקה של המד""ב","בית הספר ללחימה, אנדר ויגין, מלחמת הישרדות בחלל (פורמיקים), מנהיגות, בדידות ומניפולציה",כן,הסאגה של אנדר,1,,לא,,אנגלית,ספר מודפס,14889,9789657000007,https://cdn.simania.co.il/bookimages/covers1/14889.jpg,Verified,זוכה פרסי הוגו ונבולה. 308 עמודים. פורסם במקור ב-1985.
fly-already,2024,תקלה בקצה הגלקסיה,תקלה בקצה הגלקסיה,Fly Already,אתגר קרת,Etgar Keret,,"כנרת, זמורה-ביתן",2018,2018,160,פרוזה,"פרוזה מקורית, סיפורים קצרים, סוריאליזם ואבסורד","בדידות אנושית, הורות ויחסי אבות ובנים, אובדן ותקווה, פנטזיה בתוך היומיום",לא,,,,לא,,עברית,ספר מודפס,990060,9789655666878,https://cdn.simania.co.il/bookimages/covers99/990060.jpg,Verified,זוכה פרס ספיר לספרות 2018. 160 עמודים.
mao-unknown-story,2024,מאו,מאו: הסיפור הבלתי נודע,Mao: The Unknown Story,ג'ונג צ'אנג וג'ון האלידיי,Jung Chang & Jon Halliday,דן סגל,דביר,2005,2007,860,עיון,"היסטוריה עולמית, ביוגרפיה מונומנטלית, פוליטיקה","מאו דזה-דונג, סין הקומוניסטית, המצעד הארוך ומהפכת התרבות, רודנות וטרור",לא,,,,לא,,אנגלית,ספר מודפס,219212,9789650513900,https://cdn.simania.co.il/bookimages/covers21/219212.jpg,Verified,ביוגרפיה מקיפה ומונומנטלית בת 860 עמודים.
missing-kissinger,2024,געגועי לקיסינג׳ר,געגועי לקיסינג'ר,Missing Kissinger,אתגר קרת,Etgar Keret,,זמורה-ביתן,1995,1995,159,פרוזה,"פרוזה מקורית, סיפורים קצרים, פוסטמודרניזם","ישראליות של שנות ה-90, אבסורד, אהבה וכאב, הצבא והיומיום הישראלי",לא,,,,לא,,עברית,ספר מודפס,2231,9789650308001,https://cdn.simania.co.il/bookimages/covers0/2231.jpg,Verified,קובץ סיפורים מכונן של אתגר קרת. 159 עמודים.
tovei-baneinu,2024,טובי בנינו,טובי בנינו,Our Best Sons,אריאל הורוביץ,Ariel Horowitz,,כתר,2021,2021,239,פרוזה,"פרוזה מקורית, דרמה חברתית, רומן ישראלי","הציונות הדתית, שירות צבאי וסיירות, משבר אמונה וזהות, החברה הישראלית",לא,,,,לא,,עברית,ספר מודפס,1001727,9789650729319,https://cdn.simania.co.il/bookimages/covers100/1001727.jpg,Verified,239 עמודים.
curious-incident-dog,2024,המקרה המוזר של הכלב בשעת לילה,המקרה המוזר של הכלב בשעת לילה,The Curious Incident of the Dog in the Night-Time,מארק האדון,Mark Haddon,אהוד תגרי,"כנרת, זמורה-ביתן",2003,2004,248,פרוזה,"פרוזה מתורגמת, רומן חניכה, מסתורין ומתח","כריסטופר בון, אוטיזם ונוירודיוורגנטיות, מתמטיקה ולוגיקה, משפחה וסודות",לא,,,,לא,,אנגלית,ספר מודפס,43149,9789655170092,https://cdn.simania.co.il/bookimages/covers4/43149.jpg,Verified,248 עמודים.
project-hail-mary,2024,פרויקט הייל מרי,פרויקט הייל מרי,Project Hail Mary,אנדי וייר,Andy Weir,תומר בן אהרון,הכורסא,2021,2021,515,פרוזה,"מדע בדיוני קשה, הרפתקת חלל, מתח מדעי","ריילנד גרייס ורוקי, מפגש בין-כוכבי ראשון, חקר מדעי והישרדות, הצלת כדור הארץ",לא,,,,לא,,אנגלית,ספר מודפס,1002629,9789657745779,https://cdn.simania.co.il/bookimages/covers100/1002629.jpg,Verified,המהדורה המקורית של 2021 (515 עמ').
midnight-library,2024,ספרית חצות,ספריית חצות,The Midnight Library,מאט הייג,Matt Haig,לינדה פניאס-אוחנה,הכורסא / מודן,2020,2021,296,פרוזה,"פרוזה מתורגמת, פנטזיה פילוסופית, רומן עכשווי","חיים מקבילים, חרטה ובחירה, בריאות הנפש ומשמעות החיים, ספרייה בין חיים למוות",לא,,,,לא,,אנגלית,ספר מודפס,1002037,9789657745755,https://cdn.simania.co.il/bookimages/covers100/1002037.jpg,Verified,296 עמודים.
guys-and-dolls,2024,ברנשים וחתיכות,ברנשים וחתיכות,Guys and Dolls,דיימון ראניון,Damon Runyon,אליעזר כרמי,מ. מזרחי,1931,1987,309,פרוזה,"פרוזה מתורגמת, הומור וסאטירה, סיפורים קצרים","העולם התחתון של ברודוויי, מהמרים, גנגסטרים וטיפוסים, סלנג ראניוני, ניו יורק של שנות ה-30",לא,,,,לא,,אנגלית,ספר מודפס,942968,9789652250124,https://cdn.simania.co.il/bookimages/covers3/32662.jpg,Verified,"תרגום קלאסי של אליעזר כרמי (הוצאת מ. מזרחי, 1987). 309 עמודים. נכתב במקור ב-1931."
the-bookshop,2024,חנות הספרים,חנות הספרים,The Bookshop,פנלופי פיצג'רלד,Penelope Fitzgerald,סמדר מילר,מודן / הכורסא / תשע נשמות,1978,2018,146,פרוזה,"פרוזה מתורגמת, נובלה בריטית, דרמה חברתית","עיירה אנגלית קטנה (הרדבורו), פתיחת חנות ספרים, שמרנות ורוע חברתי שקט, לוליטה של נבוקוב",לא,,,,לא,,אנגלית,ספר מודפס,990318,9789657745304,https://cdn.simania.co.il/bookimages/covers99/990318.jpg,Verified,נובלה שהייתה מועמדת לפרס בוקר 1978. 146 עמודים.
living-on-dead,2024,החי על המת,החי על המת,The Living on the Dead,אהרן מגד,Aharon Megged,,עם עובד (ספריה לעם),1965,1965,229,פרוזה,"פרוזה מקורית, קלאסיקה ישראלית, רומן מטא-ספרותי","סופר במשבר כתיבה (יונס רבינוביץ'), המיתוס החלוצי (דוד אברמסון), משפט על הפרת חוזה, הבוהמה התל-אביבית",לא,,,,לא,,עברית,ספר מודפס,21007,9789651301827,https://cdn.simania.co.il/bookimages/covers2/21007.jpg,Verified,רומן קלאסי בספרייה לעם. 229 עמודים.
blue-white-money,2025,כסף כחול לבן,כסף כחול לבן: תולדות הכלכלה הישראלית,Blue and White Money: History of the Israeli Economy,אורי כץ,Uri Katz,,דביר,2022,2022,288,עיון,"כלכלת ישראל, היסטוריה ישראלית, מדיניות ציבורית","מתקופת הצנע לסטארט-אפ ניישן, אינפלציה של שנות ה-80, הפרטות ומונופולים, אתגרי פריון ויוקר המחיה",לא,,,,לא,,עברית,ספר מודפס,1003762,9789655669787,https://cdn.simania.co.il/bookimages/covers100/1003762.jpg,Verified,288 עמודים.
sweet-revenge-ltd,2025,נקמה מתוקה בעמ,"נקמה מתוקה בע""מ",Sweet Revenge Ltd.,יונס יונסון,Jonas Jonasson,רות שפירא,כתר,2020,2021,384,פרוזה,"הומור וסאטירה, פרוזה מתורגמת, פשע קומי","חברת נקמות יצירתית, סוחר אמנות מושחת, מרפא מסאי מקניה, אבסורד גלובלי",לא,,,,לא,,שוודית,ספר מודפס,1001864,9789650729449,https://cdn.simania.co.il/bookimages/covers100/1001864.jpg,Verified,384 עמודים.
journey-of-humanity,2025,מסע האנושות,מסע האנושות: מפתח הצמיחה והשוויון,The Journey of Humanity: The Big Picture of Human Progress,עודד גלאור,Oded Galor,עמנואל לוטם,כנרת זמורה דביר,2020,2020,320,עיון,"מקרו-כלכלה, היסטוריה גלובלית, אבולוציה חברתית","תורת הצמיחה המאוחדת, מלכודת מלתוס, המהפכה התעשייתית, שורשי אי-השוויון העולמי",לא,,,,לא,,אנגלית,ספר מודפס,997827,9789655740639,https://cdn.simania.co.il/bookimages/covers99/997827.jpg,Verified,320 עמודים. תורת הצמיחה המאוחדת של פרופ' עודד גלאור.
zach-alterman-essay,2025,הרהורים על שירת אלתרמן,הרהורים על שירת אלתרמן,Reflections on Alterman's Poetry,נתן זך,Natan Zach,,"כתב העת 'עכשיו' (חוברת ג'-ד', 1959) / אסופות ביקורת",1959,1959,25,עיון / מאמר,"ביקורת ספרות, מניפסט ספרותי, שירה עברית מודרנית","מרד בשירת דור הפלמ""ח, משקל וריתמוס חופשי מול סכמטיות, שינוי פני השירה העברית, נתן אלתרמן ודור המדינה",לא,,,,לא,,עברית,מאמר / מניפסט ספרותי,,,,Verified (Essay),מאמר ביקורת מכונן שפרסם נתן זך בכתב-העת 'עכשיו' ב-1959. נשמר במאגר לבקשת המשתמש עקב ערכו הספרותי המכונן. מסומן כמאמר/מניפסט. כ-25 עמודים.
plot-against-america,2025,הקנוניה נגד אמריקה,הקנוניה נגד אמריקה,The Plot Against America,פיליפ רות,Philip Roth,שרה ריפין,"כנרת, זמורה-ביתן",2004,2007,415,פרוזה,"היסטוריה חלופית, פרוזה מתורגמת, דרמה פוליטית","בחירתו של צ'רלס לינדברג לנשיא, אנטישמיות ופשיזם בארה""ב, משפחה יהודית בניוארק, שבריריות הדמוקרטיה",לא,,,,לא,,אנגלית,ספר מודפס,214667,9789655171730,https://cdn.simania.co.il/bookimages/covers21/214667.jpg,Verified,415 עמודים.
thirteen-cavanagh,2025,המושבעים,המושבעים,Thirteen,סטיב קוואנו,Steve Cavanagh,נעה בן-פורת,ידיעות ספרים,2018,2019,398,פרוזה,"מותחן משפטי, ספרות מתח ובלש, פרוזה מתורגמת","אדי פלין, רוצח סדרתי בתוך חבר המושבעים, משפט רצח במנהטן, תחבולות משפטיות",כן,אדי פלין,4,,לא,,אנגלית,ספר מודפס,996931,9789655648829,https://cdn.simania.co.il/bookimages/covers99/996931.jpg,Verified,הספר הרביעי בסדרת המותחנים המשפטיים של אדי פלין. 398 עמודים.
where-are-you-in-summer,2025,איפה את בקיץ,איפה את בקיץ,Where Are You in the Summer,נטע חוטר,Neta Hoter,,תכלת,2024,2024,304,פרוזה,"פרוזה מקורית, רומן ישראלי עכשווי, קומדיה דרמטית","יחסי נשים ומשפחה, חופשה משפחתית, ישראליות עכשווית, שנינות ופגיעות",לא,,,,לא,,עברית,ספר מודפס,1010962,9789655669923,https://cdn.simania.co.il/bookimages/covers101/1010962.jpg,Verified,304 עמודים.
bomber-mafia,2025,כנופיית המפציצים,כנופיית המפציצים,"The Bomber Mafia: A Dream, a Temptation, and the Longest Night of the Second World War",מלקולם גלדוול,Malcolm Gladwell,גיא הרלינג,כנרת זמורה דביר,2021,2021,205,עיון,"היסטוריה צבאית, חדשנות וטכנולוגיה, עיון פופולרי","מלחמת העולם השנייה, הפצצות דיוק מול הפצצות שטיח, גנרל קרטיס לה-מיי מול הייווד הנסל, כוונת נורדן ונפלם ביפן",לא,,,,לא,,אנגלית,ספר מודפס,1003101,9789655742213,https://cdn.simania.co.il/bookimages/covers100/1003101.jpg,Verified,205 עמודים.
making-movies-lumet,2025,עושים סרטים,עושים סרטים,Making Movies,סידני לומט,Sidney Lumet,יפתח אלוני,אסיה הוצאה לאור בשיתוף קרן הקולנוע הישראלי,1995,2012,248,עיון,"קולנוע ותיאטרון, אמנות הבימוי, אוטוביוגרפיה מקצועית","בימוי שחקנים, עבודת מצלמה ועריכה, הפקה וסט צילומים, יצירת קלאסיקות (12 המושבעים, אחר צהריים של פורענות)",לא,,,,לא,,אנגלית,ספר מודפס,960725,9789657423325,https://cdn.simania.co.il/bookimages/covers96/960725.jpg,Verified,מדריך מופת לאמנות הקולנוע מאת הבמאי האגדי סידני לומט. 248 עמודים. נכתב במקור ב-1995.
psychology-of-money,2025,הפסיכולוגיה של הכסף,"הפסיכולוגיה של הכסף: שיעורים נצחיים על עושר, חמדנות ואושר","The Psychology of Money: Timeless Lessons on Wealth, Greed, and Happiness",מורגן האוסל,Morgan Housel,יסמין קלין,סלע מאיר,2020,2022,271,עיון,"כלכלה התנהגותית, ניהול פיננסי אישי, פסיכולוגיה מעשית","פסיכולוגיית המשקיע, ריבית דריבית וזמן, שמירה על הון מול צבירה, חופש אישי ואושר",לא,,,,לא,,אנגלית,ספר מודפס,1008328,9789657802038,https://cdn.simania.co.il/bookimages/covers100/1008328.jpg,Verified,271 עמודים.
ten-caesars-strauss,2025,עשרה קיסרים,עשרה קיסרים: מאוגוסטוס עד קונסטנטינוס,Ten Caesars: Roman Emperors from Augustus to Constantine,בארי שטראוס,Barry Strauss,אמיר צוקרמן,דביר,2019,2022,456,עיון,"היסטוריה של העת העתיקה, רומא העתיקה, ביוגרפיה פוליטית","האימפריה הרומית, עשרת הקיסרים הגדולים (אוגוסטוס, טיבריוס, נרון, טראיאנוס, הדריאנוס, מרקוס אורליוס וקונסטנטינוס), מנהיגות ושלטון",לא,,,,לא,,אנגלית,ספר מודפס,1005608,9789655669817,https://cdn.simania.co.il/bookimages/covers100/1005608.jpg,Verified,456 עמודים.
the-only-constant,2025,הקבוע היחידי,הקבוע היחידי,The Only Constant,יואב בלום,Yoav Blum,,כתר,2016,2016,376,פרוזה,"מדע בדיוני, פנטזיה אורבנית, פרוזה מקורית","החלפת גופים ותודעה ('מתחלפים'), זהות אישית, מסתורין וקשרים אנושיים, תל אביב פנטסטית",לא,,,,לא,,עברית,ספר מודפס,983225,9789650725595,https://cdn.simania.co.il/bookimages/covers98/983225.jpg,Verified,376 עמודים.
the-humbling-roth,2025,מפלה,מפלה,The Humbling,פיליפ רות,Philip Roth,אמיר צוקרמן,זמורה-ביתן,2009,2013,128,פרוזה,"פרוזה מתורגמת, נובלה פסיכולוגית, דרמה אנושית","סיימון אקסלר (שחקן תיאטרון מזדקן), אובדן הכישרון והתשוקה, הזדקנות, מיניות ומוות, מערכת יחסים הרסנית",לא,,,,לא,,אנגלית,ספר מודפס,969096,9789655525540,https://cdn.simania.co.il/bookimages/covers96/969096.jpg,Verified,נובלה מאוחרת ונוקבת מאת פיליפ רות. 128 עמודים. נכתב במקור ב-2009.
