מזהה ספר (Book ID),שם הספר (Title),שם הסופר (Author),רשימות בהן מופיע (Lists),מספר רשימות (List Count),דירוג אישי (Personal Rating),דירוג סימניה (Community Rating),כמות מדרגים (Rating Count),שנת הוצאה (Year),עמודים (Pages),קישור לספר (Book URL),תמונת כריכה (Cover Image URL)
37986,E=mc2,דייוויד בודאניס,"ספרים שאני רוצה לקרוא, ספרים שאני רוצה לקרוא - עיון, ספרים שאני רוצה לקרוא - כתר",3,,4.27,15,2002,297 עמודים,https://simania.co.il/bookdetails.php?item_id=37986,https://cdn.simania.co.il/bookimages/covers3/37986.jpg
21797,"אחי, גיבורי התהילה",הווארד פאסט,"ספרים שאני רוצה לקרוא, ספרים שאני רוצה לקרוא - סיפורת, ספרים שאני רוצא לקרוא - הוצאת קרן",3,,4.53,40,1948,250 עמודים,https://simania.co.il/bookdetails.php?item_id=21797,https://cdn.simania.co.il/bookimages/covers2/21797.jpg
669269,אימפריום,רוברט האריס,"ספרים שאני רוצה לקרוא, ספרים שאני רוצה לקרוא - סיפורת, ספרים שאני רוצה לקרוא - זמורה ביתן",3,,4.27,33,2009,348 עמודים,https://simania.co.il/bookdetails.php?item_id=669269,https://cdn.simania.co.il/bookimages/covers66/669269.jpg
1010962,איפה את בקיץ,נטע חוטר,"ספרים שאני רוצה לקרוא - סיפורת, ספרים שאני רוצה לקרוא - הוצאת תכלת",2,,4.1,10,2024,304 עמודים,https://simania.co.il/bookdetails.php?item_id=1010962,https://cdn.simania.co.il/bookimages/covers101/1010962.jpg
70825,אלגוריתמיקה : יסודות מדעי המחשב,דוד הראל,"ספרים שאני רוצה לקרוא, ספרים שאני רוצה לקרוא - עיון, ספרים שאני רוצה לקרוא - הוצאת האוניברסיטה הפתוחה",3,,5.0,5,1991,430 עמודים,https://simania.co.il/bookdetails.php?item_id=70825,https://cdn.simania.co.il/bookimages/covers8/85835.jpg
1010868,אמונות שווא,דן אריאלי,"ספרים שאני רוצה לקרוא, ספרים שאני רוצה לקרוא - עיון, ספרים שאני רוצה לקרוא - זמורה ביתן",3,,3.33,3,2024,352 עמודים,https://simania.co.il/bookdetails.php?item_id=1010868,https://cdn.simania.co.il/bookimages/covers101/1010868.jpg
951570,אנה קרנינה [מהדורת שוקן - 1976 | 2 כרכים],ל.נ. טולסטוי,"ספרים שאני רוצה לקרוא, ספרים שאני רוצה לקרוא - עם עובד, ספרים שאני רוצה לקרוא - קלאסיקות",3,,4.74,31,1976,780 עמודים,https://simania.co.il/bookdetails.php?item_id=951570,https://cdn.simania.co.il/bookimages/covers95/951570.jpg
43127,"אני, רובוט [מהדורת 2004]",אייזיק (אייזק) אסימוב,"ספרים שאני רוצה לקרוא, ספרים שאני רוצה לקרוא - כתר, ספרים שאני רוצה לקרוא - מד״ב",3,,4.17,154,2004,252 עמודים,https://simania.co.il/bookdetails.php?item_id=43127,https://cdn.simania.co.il/bookimages/covers4/43127.jpg
993793,אנשי הצעצועים,רוברט דינסדייל,"ספרים שאני רוצה לקרוא, ספרים שאני רוצה לקרוא - מודן, ספרים שאני רוצה לקרוא - מד״ב",3,,3.83,6,2019,456 עמודים,https://simania.co.il/bookdetails.php?item_id=993793,https://cdn.simania.co.il/bookimages/covers99/993793.jpg
612424,ארוחת בוקר בטיפני'ס [מהדורת 2009],טרומן קפוטה,"ספרים שאני רוצה לקרוא, ספרים שאני רוצה לקרוא - סיפורת, ספרים שאני רוצה לקרוא - כתר",3,,4.03,178,2009,189 עמודים,https://simania.co.il/bookdetails.php?item_id=612424,https://cdn.simania.co.il/bookimages/covers61/612424.jpg
985912,אשת הפיראט היהודי,אילן שיינפלד,"ספרים שאני רוצה לקרוא, ספרים שאני רוצה לקרוא - סיפורת, ספרים שאני רוצה לקרוא - זמורה ביתן",3,,3.81,27,2017,496 עמודים,https://simania.co.il/bookdetails.php?item_id=985912,https://cdn.simania.co.il/bookimages/covers98/985912.jpg
984405,בגדי הבנקאים החדשים,ענת אדמתי,"ספרים שאני רוצה לקרוא, ספרים שאני רוצה לקרוא - השקעות, ספרים שאני רוצה לקרוא - הוצאת קוראים",3,,,,2015,383 עמודים,https://simania.co.il/bookdetails.php?item_id=984405,https://cdn.simania.co.il/bookimages/covers98/984405.jpg
4579,בדיונות,חורחה לואיס בורחס,"ספרים שאני רוצה לקרוא, ספרים שאני רוצה לקרוא - קלאסיקות, ספרים שאני רוצה לקרוא - הקיבוץ המאוחד",3,,4.29,96,1998,168 עמודים,https://simania.co.il/bookdetails.php?item_id=4579,https://cdn.simania.co.il/bookimages/covers0/4579.jpg
1005784,בואי הרוח [מהדורת 2022],חיים סבתו,"ספרים שאני רוצה לקרוא, ספרים שאני רוצה לקרוא - ידיעות ספרים, ספרים שאני רוצה לקרוא - קלאסיקות",3,,,,2022,169 עמודים,https://simania.co.il/bookdetails.php?item_id=1005784,https://cdn.simania.co.il/bookimages/covers100/1005784.jpg
977853,בוגד,יונתן דה שליט,"ספרים שאני רוצה לקרוא, ספרים שאני רוצה לקרוא - סיפורת, ספרים שאני רוצה לקרוא - כתר",3,,3.58,36,2005,317 עמודים,https://simania.co.il/bookdetails.php?item_id=977853,https://cdn.simania.co.il/bookimages/covers97/977853.jpg
960825,בזעיר אנפין,ירמי פינקוס,"ספרים שאני רוצה לקרוא, ספרים שאני רוצה לקרוא - סיפורת, ספרים שאני רוצה לקרוא - עם עובד",3,,3.98,65,2012,310 עמודים,https://simania.co.il/bookdetails.php?item_id=960825,https://cdn.simania.co.il/bookimages/covers96/960825.jpg
18489,בית האלוהים,סמיואל שם,"ספרים שאני רוצה לקרוא, ספרים שאני רוצה לקרוא - עיון, ספרים שאני רוצה לקרוא - זמורה ביתן",3,,4.23,154,1987,354 עמודים,https://simania.co.il/bookdetails.php?item_id=18489,https://cdn.simania.co.il/bookimages/covers1/18489.jpg
963100,בית העלמין של פראג,אומברטו אקו,"ספרים שאני רוצה לקרוא, ספרים שאני רוצה לקרוא - סיפורת, ספרים שאני רוצה לקרוא - זמורה ביתן",3,,3.52,44,2012,496 עמודים,https://simania.co.il/bookdetails.php?item_id=963100,https://cdn.simania.co.il/bookimages/covers96/963100.jpg
18282,בית מטבחיים 5 חמש,קורט וונגוט,"ספרים שאני רוצה לקרוא, ספרים שאני רוצה לקרוא - זמורה ביתן, ספרים שאני רוצה לקרוא - קלאסיקות",3,,4.37,242,,152 עמודים,https://simania.co.il/bookdetails.php?item_id=18282,https://cdn.simania.co.il/bookimages/covers1/18282.jpg
938957,בראי השפה,גיא דויטשר,"ספרים שאני רוצה לקרוא, ספרים שאני רוצה לקרוא - עיון, ספרים שאני רוצה לקרוא - עם עובד",3,,4.5,16,2011,311 עמודים,https://simania.co.il/bookdetails.php?item_id=938957,https://cdn.simania.co.il/bookimages/covers93/938957.jpg
999316,גאונות וחרדה,נורמן לברכט,"ספרים שאני רוצה לקרוא, ספרים שאני רוצה לקרוא - עיון, ספרים שאני רוצה לקרוא - זמורה ביתן",3,,5.0,3,2020,488 עמודים,https://simania.co.il/bookdetails.php?item_id=999316,https://cdn.simania.co.il/bookimages/covers99/999316.jpg
3794,גירושים מאוחרים [מהדורת 2010],אברהם ב. יהושע,"ספרים שאני רוצה לקרוא, ספרים שאני רוצה לקרוא - קלאסיקות, ספרים שאני רוצה לקרוא - הקיבוץ המאוחד",3,,3.95,79,2010,453 עמודים,https://simania.co.il/bookdetails.php?item_id=3794,https://cdn.simania.co.il/bookimages/covers0/3794.jpg
11030,גם אהבתם גם שנאתם,חיים באר,"ספרים שאני רוצה לקרוא, ספרים שאני רוצה לקרוא - עם עובד, ספרים שאני רוצה לקרוא - אחר",3,,4.29,17,2002,437 עמודים,https://simania.co.il/bookdetails.php?item_id=11030,https://cdn.simania.co.il/bookimages/covers1/11030.jpg
690860,"גם כך לא כתוב בתנ""ך",יאיר זקוביץ,"ספרים שאני רוצה לקרוא, ספרים שאני רוצה לקרוא - ידיעות ספרים, ספרים שאני רוצה לקרוא - עיון",3,,3.89,18,2009,363 עמודים,https://simania.co.il/bookdetails.php?item_id=690860,https://cdn.simania.co.il/bookimages/covers69/690860.jpg
1011939,גנגסטרים נגד נאצים,מייקל בנסון,"ספרים שאני רוצה לקרוא, ספרים שאני רוצה לקרוא - עיון, ספרים שאני רוצה לקרוא - מטר",3,,2.0,1,2024,336 עמודים,https://simania.co.il/bookdetails.php?item_id=1011939,https://cdn.simania.co.il/bookimages/covers101/1011939.jpg
34274,"דבר אופטימי, עשיית שירים (מהדורת 1976)",מאיר ויזלטיר,"ספרים שאני רוצה לקרוא, ספרים שאני רוצה לקרוא - שירה, ספרים שאני רוצה לקרוא - הקיבוץ המאוחד",3,,4.67,3,1976,117 עמודים,https://simania.co.il/bookdetails.php?item_id=34274,https://cdn.simania.co.il/bookimages/covers3/34274.jpg
966154,דחיינות,פירז סטיל,"ספרים שאני רוצה לקרוא, ספרים שאני רוצה לקרוא - עיון, ספרים שאני רוצה לקרוא - מטר",3,,3.86,7,2012,296 עמודים,https://simania.co.il/bookdetails.php?item_id=966154,https://cdn.simania.co.il/bookimages/covers96/966154.jpg
1002921,דייזי ג'ונס והסיקס,טיילור ג'נקינס-ריד,"ספרים שאני רוצה לקרוא, ספרים שאני רוצה לקרוא - סיפורת, ספרים שאני רוצה לקרוא - כתר",3,,4.33,9,2021,384 עמודים,https://simania.co.il/bookdetails.php?item_id=1002921,https://cdn.simania.co.il/bookimages/covers100/1002921.jpg
23462,דרך צ'רינג קרוס 84,הלן האנף,"ספרים שאני רוצה לקרוא, ספרים שאני רוצה לקרוא - סיפורת",2,,3.96,26,1989,99 עמודים,https://simania.co.il/bookdetails.php?item_id=23462,https://cdn.simania.co.il/bookimages/covers2/23462.jpg
977013,האביר משבע הממלכות,ג'ורג' ר. ר. מרטין,"ספרים שאני רוצה לקרוא, ספרים שאני רוצה לקרוא - מד״ב, ספרים שאני רוצה לקרוא - אופוס",3,,3.93,28,2015,272 עמודים,https://simania.co.il/bookdetails.php?item_id=977013,https://cdn.simania.co.il/bookimages/covers97/977013.jpg
966272,האוטוביוגרפיה,בנג'מין פרנקלין,"ספרים שאני רוצה לקרוא, ספרים שאני רוצה לקרוא - עיון, ספרים שאני רוצה לקרוא - הוצאת נהר",3,,,,,,https://simania.co.il/bookdetails.php?item_id=966272,https://cdn.simania.co.il/bookimages/covers96/966272.jpg
32848,האוטוביוגרפיה של סטלין,ריצ'רד לורי,"ספרים שאני רוצה לקרוא, ספרים שאני רוצה לקרוא - זמורה ביתן, ספרים שאני רוצה לקרוא - אחר",3,,4.11,9,2000,269 עמודים,https://simania.co.il/bookdetails.php?item_id=32848,https://cdn.simania.co.il/bookimages/covers3/32848.jpg
32962,האומץ להיות מוכשר,אריקה לנדאו,ספרים שאני רוצה לקרוא,1,,3.5,4,2001,172 עמודים,https://simania.co.il/bookdetails.php?item_id=32962,https://cdn.simania.co.il/bookimages/covers3/32962.jpg
17298,האחים קרמזוב [מהדורת דביר - 1993],פיודור דוסטויבסקי,"ספרים שאני רוצה לקרוא, ספרים שאני רוצה לקרוא - זמורה ביתן, ספרים שאני רוצה לקרוא - קלאסיקות",3,,4.31,106,1993,737 עמודים,https://simania.co.il/bookdetails.php?item_id=17298,https://cdn.simania.co.il/bookimages/covers1/17298.jpg
988297,האיש העשיר ביותר בבבל : סודות יסודות ההצלחה,ג'ורג' ס. קלאסון,"ספרים שאני רוצה לקרוא, ספרים שאני רוצה לקרוא - השקעות, ספרים שאני רוצה לקרוא - הוצאת אופיר ביכורים",3,,5.0,5,2013,150 עמודים,https://simania.co.il/bookdetails.php?item_id=988297,https://cdn.simania.co.il/bookimages/covers98/988297.jpg
16794,האיש שחשב שאשתו היא כובע,אוליבר סאקס,"ספרים שאני רוצה לקרוא, ספרים שאני רוצה לקרוא - עיון, ספרים שאני רוצה לקרוא - זמורה ביתן",3,,3.99,209,,253 עמודים,https://simania.co.il/bookdetails.php?item_id=16794,https://cdn.simania.co.il/bookimages/covers1/16794.jpg
972398,האם אנדרואידים חולמים על כבשים חשמליות?,פיליפ  ק' דיק,"ספרים שאני רוצה לקרוא, ספרים שאני רוצה לקרוא - כתר, ספרים שאני רוצה לקרוא - מד״ב",3,,4.31,36,2014,230 עמודים,https://simania.co.il/bookdetails.php?item_id=972398,https://cdn.simania.co.il/bookimages/covers97/972398.jpg
1005069,האם העולם באמת קיים,יצחק בן ישראל,"ספרים שאני רוצה לקרוא - עיון, ספרים שאני רוצה לקרוא - הקיפוד והשועל",2,,3.0,3,2022,288 עמודים,https://simania.co.il/bookdetails.php?item_id=1005069,https://cdn.simania.co.il/bookimages/covers100/1005069.jpg
214637,הארכיטקטורה בחבל האוזרק בארקנסו,דונלד הרינגטון,"ספרים שאני רוצה לקרוא, ספרים שאני רוצה לקרוא - אחר, ספרים שאני רוצה לקרוא - הוצאת טובי",3,,4.36,66,2007,366 עמודים,https://simania.co.il/bookdetails.php?item_id=214637,https://cdn.simania.co.il/bookimages/covers21/214637.jpg
966660,הגיבן מנוטרדאם [מהדורת 2013],ויקטור הוגו,"ספרים שאני רוצה לקרוא, ספרים שאני רוצה לקרוא - ידיעות ספרים, ספרים שאני רוצה לקרוא - קלאסיקות",3,,4.43,58,2013,637 עמודים,https://simania.co.il/bookdetails.php?item_id=966660,https://cdn.simania.co.il/bookimages/covers96/966660.jpg
41619,ההרפתקאות המדהימות של קוואליר וקליי,מייקל שייבון,"ספרים שאני רוצה לקרוא, ספרים שאני רוצה לקרוא - סיפורת, ספרים שאני רוצה לקרוא - עם עובד",3,,4.42,139,2003,725 עמודים,https://simania.co.il/bookdetails.php?item_id=41619,https://cdn.simania.co.il/bookimages/covers4/41619.jpg
968754,הזונה של דרווין,יוג'י גבאי,"ספרים שאני רוצה לקרוא, ספרים שאני רוצה לקרוא - סיפורת",2,,5.0,1,2013,336 עמודים,https://simania.co.il/bookdetails.php?item_id=968754,https://cdn.simania.co.il/bookimages/covers96/968754.jpg
21007,החי על המת,אהרן מגד,"ספרים שאני רוצה לקרוא - עם עובד, ספרים שאני רוצה לקרוא - אחר",2,,,,,,https://simania.co.il/bookdetails.php?item_id=21007,https://cdn.simania.co.il/bookimages/covers2/21007.jpg
122255,החיים או הכסף!,ג'ו דומינגז,"ספרים שאני רוצה לקרוא, ספרים שאני רוצה לקרוא - כתר, ספרים שאני רוצה לקרוא - השקעות",3,,4.75,8,2006,420 עמודים,https://simania.co.il/bookdetails.php?item_id=122255,https://cdn.simania.co.il/bookimages/covers12/122255.jpg
51798,החיל / החייל הטוב,פורד מדוקס פורד,"ספרים שאני רוצה לקרוא, ספרים שאני רוצה לקרוא - אחר",2,,4.0,4,,,https://simania.co.il/bookdetails.php?item_id=51798,https://cdn.simania.co.il/bookimages/covers58/587886.jpg
993145,היסטוריה של מהירות,עמית נויפלד,"ספרים שאני רוצה לקרוא, ספרים שאני רוצה לקרוא - עיון, זו לא באמת רשימת קריאה אני פשוט רוצה לזכור את הספר כסף פיזיקה וצדק חלוקתי",3,,4.27,11,2019,382 עמודים,https://simania.co.il/bookdetails.php?item_id=993145,https://cdn.simania.co.il/bookimages/covers99/993145.jpg
29337,היפריון,דן סימונס,"ספרים שאני רוצה לקרוא, ספרים שאני רוצה לקרוא - מד״ב, ספרים שאני רוצה לקרוא - אופוס",3,,4.28,95,1999,444 עמודים,https://simania.co.il/bookdetails.php?item_id=29337,https://cdn.simania.co.il/bookimages/covers2/29337.jpg
38926,המוות חשוב לחיים,אליזבת קובלר-רוס,"ספרים שאני רוצה לקרוא, ספרים שאני רוצה לקרוא - עיון, ספרים שאני רוצה לקרוא - כתר",3,,4.5,44,2002,189 עמודים,https://simania.co.il/bookdetails.php?item_id=38926,https://cdn.simania.co.il/bookimages/covers3/38926.jpg
48347,המוסד השמימי,אייזיק (אייזק) אסימוב,"ספרים שאני רוצה לקרוא, ספרים שאני רוצה לקרוא - מודן, ספרים שאני רוצה לקרוא - מד״ב",3,,4.46,94,,183 עמודים,https://simania.co.il/bookdetails.php?item_id=48347,https://cdn.simania.co.il/bookimages/covers4/48347.jpg
1007068,המיליונר מהדלת ממול,תומס סטנלי,"ספרים שאני רוצה לקרוא - השקעות, ספרים שאני רוצה לקרוא - סלע מאיר",2,,4.0,1,2022,317 עמודים,https://simania.co.il/bookdetails.php?item_id=1007068,https://cdn.simania.co.il/bookimages/covers100/1007068.jpg
33395,הממד הרביעי,רודי רקר,"ספרים שאני רוצה לקרוא, ספרים שאני רוצה לקרוא - עיון, ספרים שאני רוצה לקרוא - הוצאת מאגנס",3,,5.0,2,2000,220 עמודים,https://simania.co.il/bookdetails.php?item_id=33395,https://cdn.simania.co.il/bookimages/covers3/33395.jpg
213723,המפץ הגדול,סיימון סינג,"ספרים שאני רוצה לקרוא, ספרים שאני רוצה לקרוא - ידיעות ספרים, ספרים שאני רוצה לקרוא - עיון",3,,4.51,76,2007,570 עמודים,https://simania.co.il/bookdetails.php?item_id=213723,https://cdn.simania.co.il/bookimages/covers21/213723.jpg
64003,המתבונן,אלברטו מורביה,"ספרים שאני רוצה לקרוא, ספרים שאני רוצה לקרוא - זמורה ביתן, ספרים שאני רוצה לקרוא - אחר",3,,3.5,8,1993,169 עמודים,https://simania.co.il/bookdetails.php?item_id=64003,https://cdn.simania.co.il/bookimages/covers13/135725.jpg
18839,הנסיך [מהדורת 2005],ניקולו מקיאוולי,"ספרים שאני רוצה לקרוא, ספרים שאני רוצה לקרוא - זמורה ביתן, ספרים שאני רוצה לקרוא - קלאסיקות, ספרים שאני רוצה לקרוא - הוצאת שלם",4,,4.26,84,2005,214 עמודים,https://simania.co.il/bookdetails.php?item_id=18839,https://cdn.simania.co.il/bookimages/covers1/18839.jpg?v=1783095129547
969436,הנערה מהדואר,סטפן (שטפן) צווייג,"ספרים שאני רוצה לקרוא, ספרים שאני רוצה לקרוא - סיפורת, ספרים שאני רוצה לקרוא - מודן",3,,4.26,200,2013,259 עמודים,https://simania.co.il/bookdetails.php?item_id=969436,https://cdn.simania.co.il/bookimages/covers96/969436.jpg
1011194,הסיפור הבלתי סביר והלא מספיק זכור על עלייתה ונפילתה של מזרח אירופה היהודית,שלום בוגוסלבסקי,"ספרים שאני רוצה לקרוא, ספרים שאני רוצה לקרוא - עיון",2,,4.56,16,2024,431 עמודים,https://simania.co.il/bookdetails.php?item_id=1011194,https://cdn.simania.co.il/bookimages/covers101/1011194.jpg
18590,הסירנות של טיטאן,קורט וונגוט,"ספרים שאני רוצה לקרוא, ספרים שאני רוצה לקרוא - זמורה ביתן, ספרים שאני רוצה לקרוא - מד״ב",3,,4.17,35,1983,209 עמודים,https://simania.co.il/bookdetails.php?item_id=18590,https://cdn.simania.co.il/bookimages/covers1/18590.jpg
23178,הסנדק,מריו פוזו,"ספרים שאני רוצה לקרוא, ספרים שאני רוצה לקרוא - סיפורת",2,,4.72,43,1969,362 עמודים,https://simania.co.il/bookdetails.php?item_id=23178,https://cdn.simania.co.il/bookimages/covers2/23178.jpg
995740,הערים הסמויות מעין [מהדורת 2019],איטאלו קאלווינו,"ספרים שאני רוצה לקרוא, ספרים שאני רוצה לקרוא - אחר, ספרים שאני רוצה לקרוא - הקיבוץ המאוחד",3,,4.0,4,2019,150 עמודים,https://simania.co.il/bookdetails.php?item_id=995740,https://cdn.simania.co.il/bookimages/covers99/995740.jpg
1011848,הפאנליסט,ישי שריד,"ספרים שאני רוצה לקרוא, ספרים שאני רוצה לקרוא - סיפורת, ספרים שאני רוצה לקרוא - עם עובד",3,,3.46,13,2024,218 עמודים,https://simania.co.il/bookdetails.php?item_id=1011848,https://cdn.simania.co.il/bookimages/covers101/1011848.jpg
1008328,הפסיכולוגיה של הכסף,מורגן האוסל,"ספרים שאני רוצה לקרוא - השקעות, ספרים שאני רוצה לקרוא - סלע מאיר",2,,4.5,4,2022,271 עמודים,https://simania.co.il/bookdetails.php?item_id=1008328,https://cdn.simania.co.il/bookimages/covers100/1008328.jpg
962413,הפרדס של עקיבא,יוכי ברנדס,"ספרים שאני רוצה לקרוא, ספרים שאני רוצה לקרוא - סיפורת, ספרים שאני רוצה לקרוא - זמורה ביתן",3,,,,,,https://simania.co.il/bookdetails.php?item_id=962413,https://cdn.simania.co.il/bookimages/covers96/962413.jpg
983225,הקבוע היחידי,יואב בלום,"ספרים שאני רוצה לקרוא - סיפורת, ספרים שאני רוצה לקרוא - כתר",2,,4.12,103,2016,376 עמודים,https://simania.co.il/bookdetails.php?item_id=983225,https://cdn.simania.co.il/bookimages/covers98/983225.jpg
1013021,הקרב על המערב,דאגלס מאריי,"ספרים שאני רוצה לקרוא, ספרים שאני רוצה לקרוא - עיון, ספרים שאני רוצה לקרוא - סלע מאיר",3,,4.5,8,2024,304 עמודים,https://simania.co.il/bookdetails.php?item_id=1013021,https://cdn.simania.co.il/bookimages/covers101/1013021.jpg
139862,"הרימו את קורת הגג, נגרים",ג'יי. די סלינג'ר,"ספרים שאני רוצה לקרוא, ספרים שאני רוצה לקרוא - זמורה ביתן, ספרים שאני רוצה לקרוא - קלאסיקות",3,,4.28,53,1991,113 עמודים,https://simania.co.il/bookdetails.php?item_id=139862,https://cdn.simania.co.il/bookimages/covers4/42538.jpg
396365,השטן ודניאל ובסטר,סטיבן וינסנט בנה,"ספרים שאני רוצה לקרוא, ספרים שאני רוצה לקרוא - קלאסיקות, ספרים שאני רוצה לקרוא - הוצאת נהר",3,,3.0,1,2021,76 עמודים,https://simania.co.il/bookdetails.php?item_id=396365,https://cdn.simania.co.il/bookimages/covers39/396365.jpg
2067,השען העיוור,ריצ'רד דוקינס,"ספרים שאני רוצה לקרוא, ספרים שאני רוצה לקרוא - עיון",2,,4.26,38,1993,356 עמודים,https://simania.co.il/bookdetails.php?item_id=2067,https://cdn.simania.co.il/bookimages/covers0/2067.jpg
1001849,השפעה - תיאוריה ופרקטיקה,רוברט ב' צ'לדיני,"ספרים שאני רוצה לקרוא, ספרים שאני רוצה לקרוא - עיון, ספרים שאני רוצה לקרוא - מטר",3,,5.0,1,2021,364 עמודים,https://simania.co.il/bookdetails.php?item_id=1001849,https://cdn.simania.co.il/bookimages/covers100/1001849.jpg
203354,"התאוריה הכללית של תעסוקה, ריבית וכסף",ג'ון מיינרד קיינס,"ספרים שאני רוצה לקרוא, ספרים שאני רוצה לקרוא - ידיעות ספרים, ספרים שאני רוצה לקרוא - הוצאת מאגנס, ספרים שאני רוצה לקרוא - השקעות",4,,,,2005,300 עמודים,https://simania.co.il/bookdetails.php?item_id=203354,https://cdn.simania.co.il/bookimages/covers20/203354.jpg
126592,התופת,דַנְטֶה אֲלִיגיֵירִי,"ספרים שאני רוצה לקרוא, ספרים שאני רוצה לקרוא - קלאסיקות, ספרים שאני רוצה לקרוא - הקיבוץ המאוחד",3,,4.32,22,,488 עמודים,https://simania.co.il/bookdetails.php?item_id=126592,https://cdn.simania.co.il/bookimages/covers22/220901.jpg
233855,התמוטטות,ג'ארד דיימונד,"ספרים שאני רוצה לקרוא, ספרים שאני רוצה לקרוא - עיון, ספרים שאני רוצה לקרוא - מטר",3,,4.19,47,2008,515 עמודים,https://simania.co.il/bookdetails.php?item_id=233855,https://cdn.simania.co.il/bookimages/covers49/499078.jpg
213977,ויכוחים על אמונה ופילוסופיה,ישעיהו ליבוביץ,"ספרים שאני רוצה לקרוא, ספרים שאני רוצה לקרוא - עיון, ספרים שאני רוצא לקרוא - האוניברסיטה המשודרת (משרד הביטחון)",3,,4.33,6,2006,122 עמודים,https://simania.co.il/bookdetails.php?item_id=213977,https://cdn.simania.co.il/bookimages/covers21/218781.jpg
993216,זה הולך לכאוב,אדם קיי,"ספרים שאני רוצה לקרוא, ספרים שאני רוצה לקרוא - סיפורת, ספרים שאני רוצה לקרוא - מודן",3,,4.07,73,2019,247 עמודים,https://simania.co.il/bookdetails.php?item_id=993216,https://cdn.simania.co.il/bookimages/covers99/993216.jpg
21070,זורבה היווני [מהדורת 2003],ניקוס קאזאנצאקיס,"ספרים שאני רוצה לקרוא, ספרים שאני רוצה לקרוא - עם עובד, ספרים שאני רוצה לקרוא - קלאסיקות",3,,4.42,130,2003,308 עמודים,https://simania.co.il/bookdetails.php?item_id=21070,https://cdn.simania.co.il/bookimages/covers2/21070.jpg?v=1785741800641
26605,זכרונותיו של סוחר מניות מוול סטריט,אדווין לפבר,"ספרים שאני רוצה לקרוא, ספרים שאני רוצה לקרוא - השקעות",2,,4.32,19,1993,279 עמודים,https://simania.co.il/bookdetails.php?item_id=26605,https://cdn.simania.co.il/bookimages/covers2/26605.jpg
987061,חוות קולד קומפורט,סטלה גיבונס,"ספרים שאני רוצה לקרוא, ספרים שאני רוצה לקרוא - סיפורת, ספרים שאני רוצה לקרוא - מודן",3,,3.25,20,,311 עמודים,https://simania.co.il/bookdetails.php?item_id=987061,https://cdn.simania.co.il/bookimages/covers98/987061.jpg
991352,חוף מנהטן,ג'ניפר איגן,"ספרים שאני רוצה לקרוא, ספרים שאני רוצה לקרוא - אחר, ספרים שאני רוצה לקרוא - הוצאת תכלת",3,,3.6,5,2018,,https://simania.co.il/bookdetails.php?item_id=991352,https://cdn.simania.co.il/bookimages/covers99/991352.jpg
71835,חוק פרקינסון,נורתקוט פרקינסון,"ספרים שאני רוצה לקרוא, ספרים שאני רוצה לקרוא - עיון, ספרים שאני רוצה לקרוא - זמורה ביתן",3,,4.33,6,1988,112 עמודים,https://simania.co.il/bookdetails.php?item_id=71835,https://cdn.simania.co.il/bookimages/covers57/573590.jpg
987687,חיבוק גדול,רומן גארי (אמיל אז'אר),"ספרים שאני רוצה לקרוא, ספרים שאני רוצה לקרוא - עם עובד, ספרים שאני רוצה לקרוא - קלאסיקות",3,,3.21,14,2017,245 עמודים,https://simania.co.il/bookdetails.php?item_id=987687,https://cdn.simania.co.il/bookimages/covers98/987687.jpg
222213,חיים חדשים,עינת רמון,"ספרים שאני רוצה לקרוא, ספרים שאני רוצה לקרוא - עיון, ספרים שאני רוצה לקרוא - הוצאת מאגנס",3,,,,2007,268 עמודים,https://simania.co.il/bookdetails.php?item_id=222213,https://cdn.simania.co.il/bookimages/covers22/222213.jpg
978801,חינוכו של משקיע,גיא שפיר,"ספרים שאני רוצה לקרוא, ספרים שאני רוצה לקרוא - זמורה ביתן, ספרים שאני רוצה לקרוא - השקעות",3,,3.33,3,2015,242 עמודים,https://simania.co.il/bookdetails.php?item_id=978801,https://cdn.simania.co.il/bookimages/covers97/978801.jpg
982194,חמישה־עשר מעגלי החיים הראשונים של הארי אוגוסט,קלייר נורת',"ספרים שאני רוצה לקרוא, ספרים שאני רוצה לקרוא - מד״ב, ספרים שאני רוצה לקרוא - הוצאת יניב",3,,3.86,7,2016,429 עמודים,https://simania.co.il/bookdetails.php?item_id=982194,https://cdn.simania.co.il/bookimages/covers98/982194.jpg
335136,חשיבה ביקורתית : שיקולים סטטיסטיים ושיפוט אינטואיטיבי,ורדה ליברמן,"ספרים שאני רוצה לקרוא, ספרים שאני רוצה לקרוא - עיון",2,,,,1996,360 עמודים,https://simania.co.il/bookdetails.php?item_id=335136,https://cdn.simania.co.il/bookimages/covers33/335136.jpg
138974,חשיבה חדה,גלעד דיאמנט,"ספרים שאני רוצה לקרוא, ספרים שאני רוצה לקרוא - עיון",2,,4.3,10,2014,296 עמודים,https://simania.co.il/bookdetails.php?item_id=138974,https://cdn.simania.co.il/bookimages/covers13/138974.jpg
995513,חשיפה לסיכון,נאסים ניקולס טאלב,"ספרים שאני רוצה לקרוא, ספרים שאני רוצה לקרוא - עיון, ספרים שאני רוצה לקרוא - זמורה ביתן",3,,2.5,4,2019,352 עמודים,https://simania.co.il/bookdetails.php?item_id=995513,https://cdn.simania.co.il/bookimages/covers99/995513.jpg
1014685,חתונה של אחרים,אליסון אספק,"ספרים שאני רוצה לקרוא, ספרים שאני רוצה לקרוא - סיפורת, ספרים שאני רוצה לקרוא - הוצאת תכלת",3,,4.21,29,2025,424 עמודים,https://simania.co.il/bookdetails.php?item_id=1014685,https://cdn.simania.co.il/bookimages/covers101/1014685.jpg
33741,יהודים קשוחים,ריץ' כהן,"ספרים שאני רוצה לקרוא, ספרים שאני רוצה לקרוא - מודן, ספרים שאני רוצה לקרוא - עיון",3,,4.3,10,1998,272 עמודים,https://simania.co.il/bookdetails.php?item_id=33741,https://cdn.simania.co.il/bookimages/covers3/33741.jpg
16791,יונה בודדה,לארי מקמרטרי,"ספרים שאני רוצה לקרוא, ספרים שאני רוצה לקרוא - סיפורת",2,,4.56,39,2000,910 עמודים,https://simania.co.il/bookdetails.php?item_id=16791,https://cdn.simania.co.il/bookimages/covers1/16791.jpg
19045,ייאוש [מהדורת 2010],ולדימיר נַבּוֹקוֹב (נַאבּוֹקוֹב),"ספרים שאני רוצה לקרוא, ספרים שאני רוצה לקרוא - כתר, ספרים שאני רוצה לקרוא - קלאסיקות",3,,3.93,57,2010,216 עמודים,https://simania.co.il/bookdetails.php?item_id=19045,https://cdn.simania.co.il/bookimages/covers1/19045.jpg?v=1790445618019
990329,ימי מטילדה,אביבית משמרי,"ספרים שאני רוצה לקרוא, ספרים שאני רוצה לקרוא - סיפורת, ספרים שאני רוצה לקרוא - פטל",3,,4.0,1,2018,176 עמודים,https://simania.co.il/bookdetails.php?item_id=990329,https://cdn.simania.co.il/bookimages/covers99/990329.jpg
66944,יסודות הבעיה הפסיכופיסית,ישעיהו ליבוביץ,"ספרים שאני רוצה לקרוא, ספרים שאני רוצה לקרוא - עיון",2,,3.0,1,1974,64 עמודים,https://simania.co.il/bookdetails.php?item_id=66944,
5261,ירח מלא,אנטוניו מוניוס מולינה,"ספרים שאני רוצה לקרוא, ספרים שאני רוצה לקרוא - עם עובד, ספרים שאני רוצה לקרוא - אחר",3,,4.2,54,1990,372 עמודים,https://simania.co.il/bookdetails.php?item_id=5261,https://cdn.simania.co.il/bookimages/covers0/5261.jpg
968983,כוחו של הרגל,צ'רלס דוהיג,"ספרים שאני רוצה לקרוא, ספרים שאני רוצה לקרוא - עיון, ספרים שאני רוצה לקרוא - זמורה ביתן",3,,4.31,32,2013,414 עמודים,https://simania.co.il/bookdetails.php?item_id=968983,https://cdn.simania.co.il/bookimages/covers96/968983.jpg
996356,כל החיים לפניו [מהדורת 2019],רומן גארי (אמיל אז'אר),"ספרים שאני רוצה לקרוא, ספרים שאני רוצה לקרוא - עם עובד, ספרים שאני רוצה לקרוא - קלאסיקות",3,,4.47,19,2019,196 עמודים,https://simania.co.il/bookdetails.php?item_id=996356,https://cdn.simania.co.il/bookimages/covers99/996356.jpg
644306,כלכלה בימי משבר,פול קרוגמן,"ספרים שאני רוצה לקרוא, ספרים שאני רוצה לקרוא - עיון, ספרים שאני רוצה לקרוא - עליית הגג",3,,4.0,7,2009,207 עמודים,https://simania.co.il/bookdetails.php?item_id=644306,https://cdn.simania.co.il/bookimages/covers64/644306.jpg
1010728,כלכלה במבחן הזמן - כרכים א+ב,אמירה עופר,"ספרים שאני רוצה לקרוא, ספרים שאני רוצה לקרוא - עיון, ספרים שאני רוצה לקרוא - הוצאת האוניברסיטה הפתוחה",3,,,,2017,,https://simania.co.il/bookdetails.php?item_id=1010728,https://cdn.simania.co.il/bookimages/covers101/1010728.jpg
211430,כלכלה עירומה,צ'ארלס וילן,"ספרים שאני רוצה לקרוא, ספרים שאני רוצה לקרוא - ידיעות ספרים, ספרים שאני רוצה לקרוא - השקעות",3,,4.42,19,2006,306 עמודים,https://simania.co.il/bookdetails.php?item_id=211430,https://cdn.simania.co.il/bookimages/covers21/211430.jpg
1001459,כלכלה ענייה: לחשוב מחדש על המלחמה בעוני הגלובלי,אבהיג'יט ו' בנרג'י,"ספרים שאני רוצה לקרוא, ספרים שאני רוצה לקרוא - עיון, ספרים שאני רוצה לקרוא - הוצאת פרדס",3,,,,2021,348 עמודים,https://simania.co.il/bookdetails.php?item_id=1001459,https://cdn.simania.co.il/bookimages/covers100/1001459.jpg
1003762,כסף כחול לבן,אורי כץ,"ספרים שאני רוצה לקרוא - זמורה ביתן, ספרים שאני רוצה לקרוא - השקעות",2,,5.0,1,2022,,https://simania.co.il/bookdetails.php?item_id=1003762,https://cdn.simania.co.il/bookimages/covers100/1003762.jpg
18397,כסף מאין הוא בא,ג'ון קנת גלבריית,"ספרים שאני רוצה לקרוא, ספרים שאני רוצה לקרוא - זמורה ביתן, ספרים שאני רוצה לקרוא - השקעות",3,,,,,,https://simania.co.il/bookdetails.php?item_id=18397,
1004364,כסף של אחרים,הלל גרשוני,"ספרים שאני רוצה לקרוא, ספרים שאני רוצה לקרוא - השקעות, ספרים שאני רוצה לקרוא - סלע מאיר",3,,4.0,5,2022,301 עמודים,https://simania.co.il/bookdetails.php?item_id=1004364,https://cdn.simania.co.il/bookimages/covers100/1004364.jpg
947832,כעלה נידף,מילטון שטיינברג,"ספרים שאני רוצה לקרוא, ספרים שאני רוצה לקרוא - סיפורת",2,,4.58,12,2015,493 עמודים,https://simania.co.il/bookdetails.php?item_id=947832,https://cdn.simania.co.il/bookimages/covers94/947832.jpg
975579,כרוניקה של מוות ידוע מראש [מהדורת 2015],גבריאל גרסיה מארקס,"ספרים שאני רוצה לקרוא, ספרים שאני רוצה לקרוא - עם עובד, ספרים שאני רוצה לקרוא - קלאסיקות",3,,4.33,12,2015,115 עמודים,https://simania.co.il/bookdetails.php?item_id=975579,https://cdn.simania.co.il/bookimages/covers97/975579.jpg
1003969,כשאיינשטיין טייל עם גדל,ג'ים הולט,"ספרים שאני רוצה לקרוא, ספרים שאני רוצה לקרוא - עיון, ספרים שאני רוצה לקרוא - עליית הגג",3,,4.33,3,2021,472 עמודים,https://simania.co.il/bookdetails.php?item_id=1003969,https://cdn.simania.co.il/bookimages/covers100/1003969.jpg
1020430,להישאר חד,סנגא'י גופטה,"ספרים שאני רוצה לקרוא, ספרים שאני רוצה לקרוא - עיון, ספרים שאני רוצה לקרוא - מטר",3,,,,2023,360 עמודים,https://simania.co.il/bookdetails.php?item_id=1020430,https://cdn.simania.co.il/bookimages/covers102/1020430.jpg
993739,לחיות ולמות בתל אביב,שלמה זנד,"ספרים שאני רוצה לקרוא, ספרים שאני רוצה לקרוא - סיפורת, ספרים שאני רוצה לקרוא - ידיעות ספרים",3,,5.0,1,2019,384 עמודים,https://simania.co.il/bookdetails.php?item_id=993739,https://cdn.simania.co.il/bookimages/covers99/993739.jpg
1010416,לחישת הזאב,יריב ענבר,"ספרים שאני רוצה לקרוא, ספרים שאני רוצה לקרוא - סיפורת, ספרים שאני רוצה לקרוא - ידיעות ספרים",3,,3.43,7,2024,366 עמודים,https://simania.co.il/bookdetails.php?item_id=1010416,https://cdn.simania.co.il/bookimages/covers101/1010416.jpg
981105,לחצות נהר פעמיים,יואב אבני,"ספרים שאני רוצה לקרוא, ספרים שאני רוצה לקרוא - סיפורת, ספרים שאני רוצה לקרוא - זמורה ביתן",3,,3.22,9,2016,237 עמודים,https://simania.co.il/bookdetails.php?item_id=981105,https://cdn.simania.co.il/bookimages/covers98/981105.jpg
9797,מבוא לפילוסופיה מודרנית,יוסף אגסי,"ספרים שאני רוצה לקרוא, ספרים שאני רוצה לקרוא - עיון, ספרים שאני רוצא לקרוא - האוניברסיטה המשודרת (משרד הביטחון)",3,,3.67,6,1996,95 עמודים,https://simania.co.il/bookdetails.php?item_id=9797,https://cdn.simania.co.il/bookimages/covers0/9797.jpg
213990,מודיעין - הלכה למעשה,יעקב עמידרור,"ספרים שאני רוצה לקרוא, ספרים שאני רוצה לקרוא - עיון, ספרים שאני רוצא לקרוא - האוניברסיטה המשודרת (משרד הביטחון)",3,,4.0,2,2011,146 עמודים,https://simania.co.il/bookdetails.php?item_id=213990,https://cdn.simania.co.il/bookimages/covers21/213990.jpg
221532,מותן וחייהן של ערים אמריקאיות גדולות,ג'יין ג'ייקובס,"ספרים שאני רוצה לקרוא, ספרים שאני רוצה לקרוא - עיון, ספרים שאני רוצה לקרוא - הוצאת בבל",3,,4.0,9,2008,,https://simania.co.il/bookdetails.php?item_id=221532,https://cdn.simania.co.il/bookimages/covers22/221532.jpg
973022,מחשבות לעצמי,מרקוס אורליוס,"ספרים שאני רוצה לקרוא, ספרים שאני רוצה לקרוא - קלאסיקות, ספרים שאני רוצה לקרוא - נהר ספרים",3,,4.5,16,2012,185 עמודים,https://simania.co.il/bookdetails.php?item_id=973022,https://cdn.simania.co.il/bookimages/covers97/973022.jpg
31269,מחשבות על המציאות,יקיר שושני,"ספרים שאני רוצה לקרוא, ספרים שאני רוצה לקרוא - עיון, ספרים שאני רוצא לקרוא - האוניברסיטה המשודרת (משרד הביטחון)",3,,4.0,1,,155 עמודים,https://simania.co.il/bookdetails.php?item_id=31269,https://cdn.simania.co.il/bookimages/covers3/31269.jpg
11229,מלך בשר ודם,משה שמיר,"ספרים שאני רוצה לקרוא, ספרים שאני רוצה לקרוא - סיפורת, ספרים שאני רוצה לקרוא - עם עובד",3,,4.54,41,,559 עמודים,https://simania.co.il/bookdetails.php?item_id=11229,https://cdn.simania.co.il/bookimages/covers1/11229.jpg
985280,מלכוד 67,מיכה גודמן,"ספרים שאני רוצה לקרוא, ספרים שאני רוצה לקרוא - עיון, ספרים שאני רוצה לקרוא - זמורה ביתן",3,,4.33,48,2017,224 עמודים,https://simania.co.il/bookdetails.php?item_id=985280,https://cdn.simania.co.il/bookimages/covers98/985280.jpg
33878,מנוס מחופש,אריך פרום,ספרים שאני רוצה לקרוא,1,,4.75,20,1992,236 עמודים,https://simania.co.il/bookdetails.php?item_id=33878,https://cdn.simania.co.il/bookimages/covers3/33878.jpg
1010564,מסכת תהום,איל חיות-מן,"ספרים שאני רוצה לקרוא, ספרים שאני רוצה לקרוא - סיפורת, ספרים שאני רוצה לקרוא - זמורה ביתן",3,,4.24,17,2024,384 עמודים,https://simania.co.il/bookdetails.php?item_id=1010564,https://cdn.simania.co.il/bookimages/covers101/1010564.jpg
229331,מקום הטעם,נץ רויאל,"ספרים שאני רוצה לקרוא, ספרים שאני רוצה לקרוא - ידיעות ספרים, ספרים שאני רוצה לקרוא - עיון",3,,5.0,1,,319 עמודים,https://simania.co.il/bookdetails.php?item_id=229331,https://cdn.simania.co.il/bookimages/covers22/229331.jpg
556549,משני עמים לעם אחד,שמאי גלנדר,"ספרים שאני רוצה לקרוא, ספרים שאני רוצה לקרוא - עיון, ספרים שאני רוצה לקרוא - מוסד ביאליק",3,,,,2008,,https://simania.co.il/bookdetails.php?item_id=556549,https://cdn.simania.co.il/bookimages/covers55/556549.jpg
1004646,משפט אהבה,שרה שילה,"ספרים שאני רוצה לקרוא, ספרים שאני רוצה לקרוא - סיפורת, ספרים שאני רוצה לקרוא - הקיבוץ המאוחד",3,,4.0,3,2022,253 עמודים,https://simania.co.il/bookdetails.php?item_id=1004646,https://cdn.simania.co.il/bookimages/covers100/1004646.jpg
959633,נגד האלים,פיטר ברנשטיין,"ספרים שאני רוצה לקרוא, ספרים שאני רוצה לקרוא - עיון, ספרים שאני רוצה לקרוא - עליית הגג",3,,3.25,8,2012,480 עמודים,https://simania.co.il/bookdetails.php?item_id=959633,https://cdn.simania.co.il/bookimages/covers95/959633.jpg
990755,נוהל ויזתא,אריה אלדד,"ספרים שאני רוצה לקרוא, ספרים שאני רוצה לקרוא - סיפורת, ספרים שאני רוצה לקרוא - זמורה ביתן",3,,3.33,9,2018,400 עמודים,https://simania.co.il/bookdetails.php?item_id=990755,https://cdn.simania.co.il/bookimages/covers99/990755.jpg
30424,"נפש, תבונה, מחשבה",דניאל דנט,"ספרים שאני רוצה לקרוא, ספרים שאני רוצה לקרוא - עיון, ספרים שאני רוצה לקרוא - הוצאת מעריב",3,,4.0,3,1999,,https://simania.co.il/bookdetails.php?item_id=30424,https://cdn.simania.co.il/bookimages/covers3/30424.jpg
1001864,"נקמה מתוקה בע""מ",יונס יונסון,"ספרים שאני רוצה לקרוא - סיפורת, ספרים שאני רוצה לקרוא - כתר",2,,4.22,9,2021,,https://simania.co.il/bookdetails.php?item_id=1001864,https://cdn.simania.co.il/bookimages/covers100/1001864.jpg
997290,סוחרי המהירות,מייקל לואיס,"ספרים שאני רוצה לקרוא, ספרים שאני רוצה לקרוא - הוצאת בבל, ספרים שאני רוצה לקרוא - השקעות",3,,4.0,4,2020,280 עמודים,https://simania.co.il/bookdetails.php?item_id=997290,https://cdn.simania.co.il/bookimages/covers99/997290.jpg
973282,סוס אחד נכנס לבר,דויד גרוסמן,"ספרים שאני רוצה לקרוא, ספרים שאני רוצה לקרוא - סיפורת, ספרים שאני רוצה לקרוא - הקיבוץ המאוחד",3,,3.87,249,2013,198 עמודים,https://simania.co.il/bookdetails.php?item_id=973282,https://cdn.simania.co.il/bookimages/covers97/973282.jpg
18233,סופר הצללים,פיליפ רות,"ספרים שאני רוצה לקרוא, ספרים שאני רוצה לקרוא - סיפורת, ספרים שאני רוצה לקרוא - זמורה ביתן",3,,4.33,6,1981,128 עמודים,https://simania.co.il/bookdetails.php?item_id=18233,https://cdn.simania.co.il/bookimages/covers68/684557.jpg
955847,סטונר,ג'ון ויליאמס,"ספרים שאני רוצה לקרוא, ספרים שאני רוצה לקרוא - ידיעות ספרים",2,,4.29,452,2011,294 עמודים,https://simania.co.il/bookdetails.php?item_id=955847,https://cdn.simania.co.il/bookimages/covers95/955847.jpg
1006595,סטטיסטיקה עירומה,צ'ארלס וילן,"ספרים שאני רוצה לקרוא, ספרים שאני רוצה לקרוא - ידיעות ספרים, ספרים שאני רוצה לקרוא - עיון",3,,4.8,5,2023,358 עמודים,https://simania.co.il/bookdetails.php?item_id=1006595,https://cdn.simania.co.il/bookimages/covers100/1006595.jpg
992775,סטלינגרד [מהדורת 2019],אנטוני ביוור,"ספרים שאני רוצה לקרוא, ספרים שאני רוצה לקרוא - ידיעות ספרים, ספרים שאני רוצה לקרוא - עיון",3,,4.67,9,2019,314 עמודים,https://simania.co.il/bookdetails.php?item_id=992775,https://cdn.simania.co.il/bookimages/covers99/992775.jpg
35364,סימטריה נוראה,"איאן סטיוארט, מרטין גולוביצקי","ספרים שאני רוצה לקרוא, ספרים שאני רוצה לקרוא - עיון, ספרים שאני רוצה לקרוא - זמורה ביתן",3,,5.0,1,2001,389 עמודים,https://simania.co.il/bookdetails.php?item_id=35364,https://cdn.simania.co.il/bookimages/covers3/35364.jpg
1001876,סיפורה של הפוליטיקה הישראלית,עמית סגל,"ספרים שאני רוצה לקרוא, ספרים שאני רוצה לקרוא - עיון",2,,4.31,32,2021,280 עמודים,https://simania.co.il/bookdetails.php?item_id=1001876,https://cdn.simania.co.il/bookimages/covers100/1001876.jpg
984700,סמוך עלי,מריו לבררו,"ספרים שאני רוצה לקרוא, ספרים שאני רוצה לקרוא - סיפורת, ספרים שאני רוצה לקרוא - תשע נשמות",3,,4.03,31,2017,150 עמודים,https://simania.co.il/bookdetails.php?item_id=984700,https://cdn.simania.co.il/bookimages/covers98/984700.jpg
976034,ספר הקיץ,טוּבֶה יַנְסוֹן (יאנסון),"ספרים שאני רוצה לקרוא, ספרים שאני רוצא לקרוא - הוצאת קרן, ספרים שאני רוצה לקרוא - קלאסיקות",3,,4.11,37,2015,148 עמודים,https://simania.co.il/bookdetails.php?item_id=976034,https://cdn.simania.co.il/bookimages/covers97/976034.jpg
1015925,ספר חמש הטבעות,מיאמוטו מוסאשי,"ספרים שאני רוצה לקרוא, ספרים שאני רוצה לקרוא - ידיעות ספרים, ספרים שאני רוצה לקרוא - אחר",3,,3.0,1,2009,81 עמודים,https://simania.co.il/bookdetails.php?item_id=1015925,https://cdn.simania.co.il/bookimages/covers101/1015925.jpg
938684,ספריית המתים,גלן קופר,"ספרים שאני רוצה לקרוא, ספרים שאני רוצה לקרוא - סיפורת, ספרים שאני רוצה לקרוא - זמורה ביתן",3,,4.05,42,2011,379 עמודים,https://simania.co.il/bookdetails.php?item_id=938684,https://cdn.simania.co.il/bookimages/covers93/938684.jpg
993221,עד שיצא עשן לבן,רוברט האריס,"ספרים שאני רוצה לקרוא, ספרים שאני רוצה לקרוא - סיפורת, ספרים שאני רוצה לקרוא - זמורה ביתן",3,,3.96,23,2019,272 עמודים,https://simania.co.il/bookdetails.php?item_id=993221,https://cdn.simania.co.il/bookimages/covers99/993221.jpg
28090,עושר העמים [ספרים א'-ג' בכרך אחד],אדם סמית,"ספרים שאני רוצה לקרוא, ספרים שאני רוצה לקרוא - השקעות, ספרים שאני רוצה לקרוא - הוצאת האוניברסיטה הפתוחה",3,,4.29,7,,384 עמודים,https://simania.co.il/bookdetails.php?item_id=28090,https://cdn.simania.co.il/bookimages/covers2/28090.jpg
1609,עזאזל,בוריס אקונין,"ספרים שאני רוצה לקרוא, ספרים שאני רוצה לקרוא - סיפורת, ספרים שאני רוצה לקרוא - ידיעות ספרים, ספרים שאני רוצה לקרוא - עליית הגג",4,,4.1,197,2004,262 עמודים,https://simania.co.il/bookdetails.php?item_id=1609,https://cdn.simania.co.il/bookimages/covers0/1609.jpg
964957,על מה אנחנו מדברים כשאנחנו מדברים על אנה פרנק,נתן אנגלנדר,"ספרים שאני רוצה לקרוא, ספרים שאני רוצה לקרוא - אחר, ספרים שאני רוצה לקרוא - כתר, ספרים שאני רוצה לקרוא - מטר",4,,3.76,17,2013,222 עמודים,https://simania.co.il/bookdetails.php?item_id=964957,https://cdn.simania.co.il/bookimages/covers96/964957.jpg
2674,עלובי החיים [מהדורת 2011],ויקטור הוגו,"ספרים שאני רוצה לקרוא, ספרים שאני רוצה לקרוא - כתר, ספרים שאני רוצה לקרוא - קלאסיקות",3,,4.65,359,2011,667 עמודים,https://simania.co.il/bookdetails.php?item_id=2674,https://cdn.simania.co.il/bookimages/covers0/2674.jpg
936389,עלייתו של הכסף,ניל פרגוסון,"ספרים שאני רוצה לקרוא, ספרים שאני רוצה לקרוא - עיון, ספרים שאני רוצה לקרוא - עם עובד",3,,3.12,8,2011,317 עמודים,https://simania.co.il/bookdetails.php?item_id=936389,https://cdn.simania.co.il/bookimages/covers93/936389.jpg
2201,ענבי זעם [1988],ג'ון סטיינבק,"ספרים שאני רוצה לקרוא, ספרים שאני רוצה לקרוא - זמורה ביתן, ספרים שאני רוצה לקרוא - קלאסיקות",3,,4.68,131,1988,459 עמודים,https://simania.co.il/bookdetails.php?item_id=2201,https://cdn.simania.co.il/bookimages/covers0/2201.jpg
966157,ענוג הוא הלילה [מהדורת 2007],פרנסיס סקוט פיצג'רלד,"ספרים שאני רוצה לקרוא, ספרים שאני רוצה לקרוא - עם עובד, ספרים שאני רוצה לקרוא - אחר",3,,3.8,10,2007,322 עמודים,https://simania.co.il/bookdetails.php?item_id=966157,https://cdn.simania.co.il/bookimages/covers96/966157.jpg?v=1785340077210
239424,עקרונות המלחמה,קרל מריה פון קלאוזביץ,"ספרים שאני רוצה לקרוא, ספרים שאני רוצה לקרוא - קלאסיקות, ספרים שאני רוצה לקרוא - הוצאת מערכות",3,,4.0,2,,,https://simania.co.il/bookdetails.php?item_id=239424,https://cdn.simania.co.il/bookimages/covers23/239424.jpg
21233,עריצה היא הלבנה [מהדורת 2006],רוברט היינליין,"ספרים שאני רוצה לקרוא, ספרים שאני רוצה לקרוא - עם עובד, ספרים שאני רוצה לקרוא - מד״ב",3,,4.31,72,2006,400 עמודים,https://simania.co.il/bookdetails.php?item_id=21233,https://cdn.simania.co.il/bookimages/covers2/21233.jpg
1013463,"עשירים, חכמים, מאושרים",ויליאם גרין,"ספרים שאני רוצה לקרוא, ספרים שאני רוצה לקרוא - מטר, ספרים שאני רוצה לקרוא - השקעות",3,,5.0,1,2024,272 עמודים,https://simania.co.il/bookdetails.php?item_id=1013463,https://cdn.simania.co.il/bookimages/covers101/1013463.jpg
985570,פחד,סטפן (שטפן) צווייג,"ספרים שאני רוצה לקרוא, ספרים שאני רוצה לקרוא - אחר, ספרים שאני רוצה לקרוא - תשע נשמות",3,,4.22,69,2017,88 עמודים,https://simania.co.il/bookdetails.php?item_id=985570,https://cdn.simania.co.il/bookimages/covers98/985570.jpg
1002074,פליאה,צרויה שלו,"ספרים שאני רוצה לקרוא, ספרים שאני רוצה לקרוא - סיפורת, ספרים שאני רוצה לקרוא - כתר",3,,3.77,26,2021,278 עמודים,https://simania.co.il/bookdetails.php?item_id=1002074,https://cdn.simania.co.il/bookimages/covers100/1002074.jpg
9805,פרדוקסים,ענת בילצקי,"ספרים שאני רוצה לקרוא, ספרים שאני רוצה לקרוא - עיון, ספרים שאני רוצא לקרוא - האוניברסיטה המשודרת (משרד הביטחון)",3,,4.12,25,1996,121 עמודים,https://simania.co.il/bookdetails.php?item_id=9805,https://cdn.simania.co.il/bookimages/covers0/9805.jpg
211445,פריקונומיקס,סטיבן לוויט,"ספרים שאני רוצה לקרוא - כתר, ספרים שאני רוצה לקרוא - השקעות",2,,4.04,46,2006,233 עמודים,https://simania.co.il/bookdetails.php?item_id=211445,https://cdn.simania.co.il/bookimages/covers21/211445.jpg
9364,פרקי יסוד במדעי המחשב,דוד הראל,"ספרים שאני רוצה לקרוא, ספרים שאני רוצא לקרוא - האוניברסיטה המשודרת (משרד הביטחון)",2,,4.67,3,1985,137 עמודים,https://simania.co.il/bookdetails.php?item_id=9364,https://cdn.simania.co.il/bookimages/covers0/9364.jpg
145427,פתרון החדשנות,"כריסטנסן, ריינור","ספרים שאני רוצה לקרוא, ספרים שאני רוצה לקרוא - עיון, ספרים שאני רוצה לקרוא - אופוס",3,,,,,310 עמודים,https://simania.co.il/bookdetails.php?item_id=145427,https://cdn.simania.co.il/bookimages/covers14/145427.jpg
8631,צבע הכשף,טרי פראצ'ט,"ספרים שאני רוצה לקרוא, ספרים שאני רוצה לקרוא - זמורה ביתן, ספרים שאני רוצה לקרוא - מד״ב",3,,4.09,68,,264 עמודים,https://simania.co.il/bookdetails.php?item_id=8631,https://cdn.simania.co.il/bookimages/covers0/8631.jpg
936182,צדק כהוגנות,ג'ון רולס,"ספרים שאני רוצה לקרוא, ספרים שאני רוצה לקרוא - עיון, ספרים שאני רוצה לקרוא - עליית הגג",3,,4.33,3,2011,407 עמודים,https://simania.co.il/bookdetails.php?item_id=936182,https://cdn.simania.co.il/bookimages/covers93/936182.jpg
2868,קו האורך - כריכה קשה,דווה סובל,"ספרים שאני רוצה לקרוא, ספרים שאני רוצה לקרוא - עיון, ספרים שאני רוצה לקרוא - כתר",3,,4.67,6,1998,169 עמודים,https://simania.co.il/bookdetails.php?item_id=2868,https://cdn.simania.co.il/bookimages/covers0/2868.jpg
69948,קידמה ועוני,הנרי ג'ורג',"ספרים שאני רוצה לקרוא, ספרים שאני רוצה לקרוא - השקעות",2,,,,1963,180 עמודים,https://simania.co.il/bookdetails.php?item_id=69948,
38586,קפיטליזם וחירות,מילטון פרידמן,ספרים שאני רוצה לקרוא - מד״ב,1,,3.78,9,2002,195 עמודים,https://simania.co.il/bookdetails.php?item_id=38586,https://cdn.simania.co.il/bookimages/covers3/38586.jpg
40824,ראשית ישראל,ישראל פינקלשטיין,"ספרים שאני רוצה לקרוא, ספרים שאני רוצה לקרוא - עיון, ספרים שאני רוצה לקרוא - הוצאת אוניברסיטת תל אביב",3,,4.47,19,2003,384 עמודים,https://simania.co.il/bookdetails.php?item_id=40824,https://cdn.simania.co.il/bookimages/covers4/40824.jpg
37877,רחובות לארדו,לארי מקמרטרי,"ספרים שאני רוצה לקרוא, ספרים שאני רוצה לקרוא - סיפורת, ספרים שאני רוצה לקרוא - מודן",3,,3.86,7,2002,473 עמודים,https://simania.co.il/bookdetails.php?item_id=37877,https://cdn.simania.co.il/bookimages/covers3/37877.jpg
44361,"רציונליות, הוגנות, אושר",דניאל כהנמן,"ספרים שאני רוצה לקרוא, ספרים שאני רוצה לקרוא - עיון, ספרים שאני רוצה לקרוא - כתר",3,,4.0,20,2005,352 עמודים,https://simania.co.il/bookdetails.php?item_id=44361,https://cdn.simania.co.il/bookimages/covers4/44361.jpg
13207,רק פרנואידים שורדים,אנדריו גרוב,"ספרים שאני רוצה לקרוא, ספרים שאני רוצה לקרוא - מטר, ספרים שאני רוצה לקרוא - השקעות",3,,3.0,2,1997,197 עמודים,https://simania.co.il/bookdetails.php?item_id=13207,https://cdn.simania.co.il/bookimages/covers1/13207.jpg
988251,שודדי ים יהודים בקריביים,אדוארד קריצלר,"ספרים שאני רוצה לקרוא, ספרים שאני רוצה לקרוא - עיון, ספרים שאני רוצה לקרוא - זמורה ביתן",3,,4.33,9,2017,320 עמודים,https://simania.co.il/bookdetails.php?item_id=988251,https://cdn.simania.co.il/bookimages/covers98/988251.jpg
8638,שטן,ג'רמי לוון,"ספרים שאני רוצה לקרוא, ספרים שאני רוצה לקרוא - אחר",2,,4.33,76,1984,447 עמודים,https://simania.co.il/bookdetails.php?item_id=8638,https://cdn.simania.co.il/bookimages/covers0/8638.jpg
9798,שיחות על הפילוסופיה של המדע,ישעיהו ליבוביץ,"ספרים שאני רוצה לקרוא, ספרים שאני רוצה לקרוא - עיון, ספרים שאני רוצא לקרוא - האוניברסיטה המשודרת (משרד הביטחון)",3,,4.25,4,1996,109 עמודים,https://simania.co.il/bookdetails.php?item_id=9798,https://cdn.simania.co.il/bookimages/covers0/9798.jpg
42606,שיחות קשות,דאגלס סטון,"ספרים שאני רוצה לקרוא, ספרים שאני רוצה לקרוא - מודן, ספרים שאני רוצה לקרוא - עיון",3,,4.75,8,1999,289 עמודים,https://simania.co.il/bookdetails.php?item_id=42606,https://cdn.simania.co.il/bookimages/covers4/42606.jpg
668446,שירים לדעת לאהוב,רון לוי,"ספרים שאני רוצה לקרוא, ספרים שאני רוצה לקרוא - הוצאת פרדס, ספרים שאני רוצה לקרוא - שירה",3,,,,2010,,https://simania.co.il/bookdetails.php?item_id=668446,https://cdn.simania.co.il/bookimages/covers66/668446.jpg
16971,שירתתי את מלך אנגליה,בוהומיל הראבאל,"ספרים שאני רוצה לקרוא, ספרים שאני רוצה לקרוא - אחר",2,,3.84,43,1995,192 עמודים,https://simania.co.il/bookdetails.php?item_id=16971,https://cdn.simania.co.il/bookimages/covers5/51172.jpg
68858,"שרלוק הולמס - כלבם של בני בסקרוויל, עמק הפחד",ארתור קונן דויל,"ספרים שאני רוצה לקרוא, ספרים שאני רוצה לקרוא - סיפורת, ספרים שאני רוצה לקרוא - זמורה ביתן",3,,4.81,37,2013,315 עמודים,https://simania.co.il/bookdetails.php?item_id=68858,https://cdn.simania.co.il/bookimages/covers6/68858.jpg
967579,שתיים דובים,מאיר שלו,ספרים שאני רוצה לקרוא,1,,4.31,262,2013,369 עמודים,https://simania.co.il/bookdetails.php?item_id=967579,https://cdn.simania.co.il/bookimages/covers96/967579.jpg
12508,תולדות הפילוסופיה,בן-עמי שרפשטיין,"ספרים שאני רוצה לקרוא, ספרים שאני רוצה לקרוא - עיון, ספרים שאני רוצא לקרוא - האוניברסיטה המשודרת (משרד הביטחון)",3,,3.25,4,1978,91 עמודים,https://simania.co.il/bookdetails.php?item_id=12508,https://cdn.simania.co.il/bookimages/covers1/12508.jpg
453286,תולדות מלחמת פילופונס,תוקידידס,"ספרים שאני רוצה לקרוא, ספרים שאני רוצה לקרוא - קלאסיקות, ספרים שאני רוצה לקרוא - מוסד ביאליק",3,,5.0,1,,,https://simania.co.il/bookdetails.php?item_id=453286,
1019925,תעלומת הקיבוץ,רן אברמיצקי,"ספרים שאני רוצה לקרוא, ספרים שאני רוצה לקרוא - עיון, ספרים שאני רוצה לקרוא - הוצאת מאגנס",3,,,,2022,261 עמודים,https://simania.co.il/bookdetails.php?item_id=1019925,https://cdn.simania.co.il/bookimages/covers101/1019925.jpg
16454,תת-עולם,דון דלילו,"ספרים שאני רוצה לקרוא, ספרים שאני רוצה לקרוא - זמורה ביתן, ספרים שאני רוצה לקרוא - אחר",3,,3.82,11,1999,893 עמודים,https://simania.co.il/bookdetails.php?item_id=16454,https://cdn.simania.co.il/bookimages/covers1/16454.jpg
