מזהה ספר (Book ID),שם הספר (Title),שם הסופר (Author),דירוג אישי (Personal Rating),הערה אישית (Personal Note),דירוג סימניה (Community Rating),כמות מדרגים (Rating Count),שנת הוצאה (Year),עמודים (Pages),תאריך הוספה לרשימה (Added Date),קישור לספר (Book URL),תמונת כריכה (Cover Image URL)
69948,קידמה ועוני,הנרי ג'ורג',,"בהקשר של מס ג׳ורג׳יסטי - על ערך הקרקע, יש אותו בויקיטקסט בחינם",,,1963,180 עמודים,2025-11-24 16:37:48,https://simania.co.il/bookdetails.php?item_id=69948,
203354,"התאוריה הכללית של תעסוקה, ריבית וכסף",ג'ון מיינרד קיינס,,,,,2005,300 עמודים,2025-11-11 17:08:02,https://simania.co.il/bookdetails.php?item_id=203354,https://cdn.simania.co.il/bookimages/covers20/203354.jpg
1013463,"עשירים, חכמים, מאושרים",ויליאם גרין,,,5.0,1,2024,272 עמודים,2025-06-30 13:49:35,https://simania.co.il/bookdetails.php?item_id=1013463,https://cdn.simania.co.il/bookimages/covers101/1013463.jpg
13207,רק פרנואידים שורדים,אנדריו גרוב,,,3.0,2,1997,197 עמודים,2025-05-25 06:38:51,https://simania.co.il/bookdetails.php?item_id=13207,https://cdn.simania.co.il/bookimages/covers1/13207.jpg
997290,סוחרי המהירות,מייקל לואיס,,,4.0,4,2020,280 עמודים,2024-09-05 13:35:41,https://simania.co.il/bookdetails.php?item_id=997290,https://cdn.simania.co.il/bookimages/covers99/997290.jpg
211445,פריקונומיקס,סטיבן לוויט,,,4.04,46,2006,233 עמודים,2024-08-28 16:47:59,https://simania.co.il/bookdetails.php?item_id=211445,https://cdn.simania.co.il/bookimages/covers21/211445.jpg
28090,עושר העמים [ספרים א'-ג' בכרך אחד],אדם סמית,,,4.29,7,,384 עמודים,2024-08-28 16:43:51,https://simania.co.il/bookdetails.php?item_id=28090,https://cdn.simania.co.il/bookimages/covers2/28090.jpg
988297,האיש העשיר ביותר בבבל : סודות יסודות ההצלחה,ג'ורג' ס. קלאסון,,,5.0,5,2013,150 עמודים,2024-08-28 16:29:19,https://simania.co.il/bookdetails.php?item_id=988297,https://cdn.simania.co.il/bookimages/covers98/988297.jpg
18397,כסף מאין הוא בא,ג'ון קנת גלבריית,,,,,,,2024-07-17 15:24:04,https://simania.co.il/bookdetails.php?item_id=18397,
984405,בגדי הבנקאים החדשים,ענת אדמתי,,,,,2015,383 עמודים,2024-05-08 15:51:05,https://simania.co.il/bookdetails.php?item_id=984405,https://cdn.simania.co.il/bookimages/covers98/984405.jpg
122255,החיים או הכסף!,ג'ו דומינגז,,,4.75,8,2006,420 עמודים,2024-03-28 18:05:55,https://simania.co.il/bookdetails.php?item_id=122255,https://cdn.simania.co.il/bookimages/covers12/122255.jpg
1007068,המיליונר מהדלת ממול,תומס סטנלי,,,4.0,1,2022,317 עמודים,2024-03-28 17:55:37,https://simania.co.il/bookdetails.php?item_id=1007068,https://cdn.simania.co.il/bookimages/covers100/1007068.jpg
211430,כלכלה עירומה,צ'ארלס וילן,,,4.42,19,2006,306 עמודים,2024-03-28 17:55:15,https://simania.co.il/bookdetails.php?item_id=211430,https://cdn.simania.co.il/bookimages/covers21/211430.jpg
1008328,הפסיכולוגיה של הכסף,מורגן האוסל,,,4.5,4,2022,271 עמודים,2024-03-11 17:31:26,https://simania.co.il/bookdetails.php?item_id=1008328,https://cdn.simania.co.il/bookimages/covers100/1008328.jpg
1004364,כסף של אחרים,הלל גרשוני,,,4.0,5,2022,301 עמודים,2024-03-11 17:30:15,https://simania.co.il/bookdetails.php?item_id=1004364,https://cdn.simania.co.il/bookimages/covers100/1004364.jpg
1003762,כסף כחול לבן,אורי כץ,,,5.0,1,2022,,2024-03-11 17:27:33,https://simania.co.il/bookdetails.php?item_id=1003762,https://cdn.simania.co.il/bookimages/covers100/1003762.jpg
26605,זכרונותיו של סוחר מניות מוול סטריט,אדווין לפבר,,,4.32,19,1993,279 עמודים,2024-03-11 17:02:58,https://simania.co.il/bookdetails.php?item_id=26605,https://cdn.simania.co.il/bookimages/covers2/26605.jpg
978801,חינוכו של משקיע,גיא שפיר,,,3.33,3,2015,242 עמודים,2024-03-11 16:59:47,https://simania.co.il/bookdetails.php?item_id=978801,https://cdn.simania.co.il/bookimages/covers97/978801.jpg
